Flight Time, Lat, Long, Altitude (ft), Date, Hour:Min:Sec, Fix, Accel x, Accel y, Accel z, Temperature (Box), Temperature 1 (OPC) (K), Temperature 2 (Battery) (K), Temperature 3 (atmos.) (K), OPC Heater Status, Batt. Heater Status, Flight Time (hour:min:sec)
,300.15,302.34,146.15,OPC ON,Batt ON,0:00:06
,300.21,302.40,146.15,OPC ON,Batt ON,0:00:12
,300.27,302.40,146.15,OPC ON,Batt ON,0:00:18
,300.27,302.46,146.15,OPC ON,Batt ON,0:00:24
,300.34,302.46,146.15,OPC ON,Batt ON,0:00:30
,300.34,302.46,146.15,OPC ON,Batt ON,0:00:36
,300.40,302.46,146.15,OPC ON,Batt ON,0:00:42
,300.40,302.52,146.15,OPC ON,Batt ON,0:00:48
,300.40,302.52,146.15,OPC ON,Batt ON,0:00:54
,300.40,302.59,146.15,OPC ON,Batt ON,0:01:00
,300.40,302.59,146.15,OPC ON,Batt ON,0:01:06
,300.34,302.65,146.15,OPC ON,Batt ON,0:01:12
,300.27,302.65,146.15,OPC ON,Batt ON,0:01:18
,300.27,302.65,146.15,OPC ON,Batt ON,0:01:24
,300.27,302.65,146.15,OPC ON,Batt ON,0:01:30
,300.27,302.65,146.15,OPC ON,Batt ON,0:01:36
,300.21,302.71,146.15,OPC ON,Batt ON,0:01:42
,300.27,302.71,146.15,OPC ON,Batt ON,0:01:48
,300.09,302.71,146.15,OPC ON,Batt ON,0:01:54
,300.02,302.71,146.15,OPC ON,Batt ON,0:02:00
,300.02,302.77,146.15,OPC ON,Batt ON,0:02:06
,300.02,302.77,146.15,OPC ON,Batt ON,0:02:12
,299.96,302.77,146.15,OPC ON,Batt ON,0:02:18
,299.90,302.77,146.15,OPC ON,Batt ON,0:02:24
,299.90,302.77,146.15,OPC ON,Batt ON,0:02:30
,299.84,302.77,146.15,OPC ON,Batt ON,0:02:35
,299.77,302.84,146.15,OPC ON,Batt ON,0:02:41
,299.77,302.84,146.15,OPC ON,Batt ON,0:02:47
,299.71,302.84,146.15,OPC ON,Batt ON,0:02:53
,299.59,302.90,146.15,OPC ON,Batt ON,0:02:59
,299.46,302.90,146.15,OPC ON,Batt ON,0:03:05
,299.46,302.90,146.15,OPC ON,Batt ON,0:03:11
,299.40,302.90,146.15,OPC ON,Batt ON,0:03:17
,299.21,302.96,146.15,OPC ON,Batt ON,0:03:23
,299.09,302.96,146.15,OPC ON,Batt ON,0:03:29
,299.02,302.96,146.15,OPC ON,Batt ON,0:03:35
,299.02,302.96,146.15,OPC ON,Batt ON,0:03:41
,298.96,302.96,146.15,OPC ON,Batt ON,0:03:47
,298.90,302.96,146.15,OPC ON,Batt ON,0:03:53
,298.84,302.96,146.15,OPC ON,Batt ON,0:03:59
,298.71,302.96,146.15,OPC ON,Batt ON,0:04:05
,298.65,302.96,146.15,OPC ON,Batt ON,0:04:11
,298.59,302.96,146.15,OPC ON,Batt ON,0:04:17
,298.52,302.96,146.15,OPC ON,Batt ON,0:04:23
,298.46,303.02,146.15,OPC ON,Batt ON,0:04:29
,298.46,303.02,146.15,OPC ON,Batt ON,0:04:35
,298.40,303.02,146.15,OPC ON,Batt ON,0:04:41
,298.40,303.02,146.15,OPC ON,Batt ON,0:04:47
,298.34,303.02,146.15,OPC ON,Batt ON,0:04:53
,298.34,303.02,146.15,OPC ON,Batt ON,0:04:59
,298.34,303.02,146.15,OPC ON,Batt ON,0:05:05
,298.09,303.02,146.15,OPC ON,Batt ON,0:05:11
,298.02,303.09,146.15,OPC ON,Batt ON,0:05:17
,298.02,303.09,146.15,OPC ON,Batt ON,0:05:23
,297.90,303.02,146.15,OPC ON,Batt ON,0:05:29
,297.71,303.02,146.15,OPC ON,Batt ON,0:05:34
,297.59,303.02,146.15,OPC ON,Batt ON,0:05:40
,297.34,303.09,146.15,OPC ON,Batt ON,0:05:46
,297.15,303.02,146.15,OPC ON,Batt ON,0:05:52
,297.09,303.02,146.15,OPC ON,Batt ON,0:05:58
,296.96,303.02,146.15,OPC ON,Batt ON,0:06:04
,296.90,303.02,146.15,OPC ON,Batt ON,0:06:10
,296.84,303.02,146.15,OPC ON,Batt ON,0:06:16
,296.77,303.02,146.15,OPC ON,Batt ON,0:06:22
,296.84,303.02,146.15,OPC ON,Batt ON,0:06:28
,296.84,303.09,146.15,OPC ON,Batt ON,0:06:34
,296.65,303.09,146.15,OPC ON,Batt ON,0:06:40
,296.65,303.09,146.15,OPC ON,Batt ON,0:06:46
,296.46,303.09,146.15,OPC ON,Batt ON,0:06:52
,296.34,303.09,146.15,OPC ON,Batt ON,0:06:58
,296.21,303.02,146.15,OPC ON,Batt ON,0:07:04
,296.15,303.09,146.15,OPC ON,Batt ON,0:07:10
,296.15,303.09,146.15,OPC ON,Batt ON,0:07:16
,296.09,303.09,146.15,OPC ON,Batt ON,0:07:22
,295.96,303.09,146.15,OPC ON,Batt ON,0:07:28
,295.90,303.02,146.15,OPC ON,Batt ON,0:07:34
,295.84,303.02,146.15,OPC ON,Batt ON,0:07:40
,295.84,303.09,146.15,OPC ON,Batt ON,0:07:46
,295.84,303.02,146.15,OPC ON,Batt ON,0:07:52
,295.90,303.02,146.15,OPC ON,Batt ON,0:07:58
,295.84,303.02,146.15,OPC ON,Batt ON,0:08:04
,295.84,303.02,146.15,OPC ON,Batt ON,0:08:10
,295.96,303.09,146.15,OPC ON,Batt ON,0:08:16
,295.90,303.09,146.15,OPC ON,Batt ON,0:08:22
,295.90,303.09,146.15,OPC ON,Batt ON,0:08:28
,295.90,303.09,146.15,OPC ON,Batt ON,0:08:34
,295.77,303.02,146.15,OPC ON,Batt ON,0:08:40
,295.65,303.02,146.15,OPC ON,Batt ON,0:08:46
,295.59,302.96,146.15,OPC ON,Batt ON,0:08:52
,295.52,303.02,146.15,OPC ON,Batt ON,0:08:58
,295.40,303.02,146.15,OPC ON,Batt ON,0:09:04
,295.40,302.96,146.15,OPC ON,Batt ON,0:09:10
,295.34,302.96,146.15,OPC ON,Batt ON,0:09:16
,295.27,302.90,146.15,OPC ON,Batt ON,0:09:22
,295.21,302.96,146.15,OPC ON,Batt ON,0:09:27
,295.27,302.96,146.15,OPC ON,Batt ON,0:09:33
,295.21,302.96,146.15,OPC ON,Batt ON,0:09:39
,295.21,302.96,146.15,OPC ON,Batt ON,0:09:45
,295.21,302.96,146.15,OPC ON,Batt ON,0:09:51
,295.21,302.96,146.15,OPC ON,Batt ON,0:09:57
,295.15,302.96,146.15,OPC ON,Batt ON,0:10:03
,295.15,302.96,146.15,OPC ON,Batt ON,0:10:09
,295.09,302.96,146.15,OPC ON,Batt ON,0:10:15
,295.09,302.96,146.15,OPC ON,Batt ON,0:10:21
,295.02,302.96,146.15,OPC ON,Batt ON,0:10:27
,295.02,302.96,146.15,OPC ON,Batt ON,0:10:33
,294.96,302.90,146.15,OPC ON,Batt ON,0:10:39
,294.90,302.90,146.15,OPC ON,Batt ON,0:10:45
,294.96,302.96,146.15,OPC ON,Batt ON,0:10:51
,294.96,302.96,146.15,OPC ON,Batt ON,0:10:57
,294.96,302.90,146.15,OPC ON,Batt ON,0:11:03
,294.96,302.90,146.15,OPC ON,Batt ON,0:11:09
,294.96,302.90,146.15,OPC ON,Batt ON,0:11:15
,294.96,302.84,146.15,OPC ON,Batt ON,0:11:21
,294.96,302.84,146.15,OPC ON,Batt ON,0:11:27
,294.96,302.84,146.15,OPC ON,Batt ON,0:11:33
,294.96,302.84,146.15,OPC ON,Batt ON,0:11:39
,294.96,302.84,146.15,OPC ON,Batt ON,0:11:45
,294.90,302.84,146.15,OPC ON,Batt ON,0:11:51
,294.84,302.90,146.15,OPC ON,Batt ON,0:11:57
,294.77,302.84,146.15,OPC ON,Batt ON,0:12:03
,294.71,302.90,146.15,OPC ON,Batt ON,0:12:09
,294.71,302.90,146.15,OPC ON,Batt ON,0:12:15
,294.71,302.90,146.15,OPC ON,Batt ON,0:12:21
,294.71,302.84,146.15,OPC ON,Batt ON,0:12:27
,294.65,302.84,146.15,OPC ON,Batt ON,0:12:33
,294.65,302.84,146.15,OPC ON,Batt ON,0:12:38
,294.59,302.84,146.15,OPC ON,Batt ON,0:12:44
,294.52,302.84,146.15,OPC ON,Batt ON,0:12:50
,294.46,302.84,146.15,OPC ON,Batt ON,0:12:56
,294.40,302.84,146.15,OPC ON,Batt ON,0:13:02
,294.40,302.77,146.15,OPC ON,Batt ON,0:13:08
,294.40,302.84,146.15,OPC ON,Batt ON,0:13:14
,294.40,302.77,146.15,OPC ON,Batt ON,0:13:20
,294.40,302.77,146.15,OPC ON,Batt ON,0:13:26
,294.27,302.77,146.15,OPC ON,Batt ON,0:13:32
,294.27,302.71,146.15,OPC ON,Batt ON,0:13:38
,294.27,302.71,146.15,OPC ON,Batt ON,0:13:44
,294.27,302.71,146.15,OPC ON,Batt ON,0:13:50
,294.27,302.71,146.15,OPC ON,Batt ON,0:13:56
,294.15,302.65,146.15,OPC ON,Batt ON,0:14:02
,293.90,302.65,146.15,OPC ON,Batt ON,0:14:08
,293.84,302.71,146.15,OPC ON,Batt ON,0:14:14
,293.59,302.65,146.15,OPC ON,Batt ON,0:14:20
,293.46,302.65,146.15,OPC ON,Batt ON,0:14:26
,293.46,302.65,146.15,OPC ON,Batt ON,0:14:32
,293.40,302.65,146.15,OPC ON,Batt ON,0:14:38
,293.40,302.59,146.15,OPC ON,Batt ON,0:14:44
,293.40,302.52,146.15,OPC ON,Batt ON,0:14:50
,293.34,302.52,146.15,OPC ON,Batt ON,0:14:56
,293.34,302.52,146.15,OPC ON,Batt ON,0:15:02
,293.21,302.52,146.15,OPC ON,Batt ON,0:15:08
,292.96,302.52,146.15,OPC ON,Batt ON,0:15:14
,292.90,302.52,146.15,OPC ON,Batt ON,0:15:20
,292.84,302.46,146.15,OPC ON,Batt ON,0:15:26
,292.84,302.52,146.15,OPC ON,Batt ON,0:15:32
,292.84,302.46,146.15,OPC ON,Batt ON,0:15:38
,292.90,302.46,146.15,OPC ON,Batt ON,0:15:44
,292.90,302.46,146.15,OPC ON,Batt ON,0:15:50
,292.84,302.46,146.15,OPC ON,Batt ON,0:15:55
,292.90,302.46,146.15,OPC ON,Batt ON,0:16:01
,292.84,302.46,146.15,OPC ON,Batt ON,0:16:07
,292.84,302.46,146.15,OPC ON,Batt ON,0:16:13
,292.84,302.46,146.15,OPC ON,Batt ON,0:16:19
,292.84,302.46,146.15,OPC ON,Batt ON,0:16:25
,292.84,302.46,146.15,OPC ON,Batt ON,0:16:31
,292.77,302.46,146.15,OPC ON,Batt ON,0:16:37
,292.71,302.46,146.15,OPC ON,Batt ON,0:16:43
,292.71,302.46,146.15,OPC ON,Batt ON,0:16:49
,292.71,302.40,146.15,OPC ON,Batt ON,0:16:55
,292.65,302.46,146.15,OPC ON,Batt ON,0:17:01
,292.65,302.40,146.15,OPC ON,Batt ON,0:17:07
,292.59,302.40,146.15,OPC ON,Batt ON,0:17:13
,292.59,302.40,146.15,OPC ON,Batt ON,0:17:19
,292.52,302.40,146.15,OPC ON,Batt ON,0:17:25
,292.46,302.40,146.15,OPC ON,Batt ON,0:17:31
,292.46,302.34,146.15,OPC ON,Batt ON,0:17:37
,292.46,302.34,146.15,OPC ON,Batt ON,0:17:43
,292.40,302.34,146.15,OPC ON,Batt ON,0:17:49
,292.27,302.34,146.15,OPC ON,Batt ON,0:17:55
,292.27,302.27,146.15,OPC ON,Batt ON,0:18:01
,292.21,302.27,146.15,OPC ON,Batt ON,0:18:07
,292.09,302.27,146.15,OPC ON,Batt ON,0:18:13
,291.96,302.27,146.15,OPC ON,Batt ON,0:18:19
,291.90,302.27,146.15,OPC ON,Batt ON,0:18:25
,291.90,302.21,146.15,OPC ON,Batt ON,0:18:31
,291.90,302.21,146.15,OPC ON,Batt ON,0:18:37
,291.84,302.27,146.15,OPC ON,Batt ON,0:18:43
,291.90,302.21,146.15,OPC ON,Batt ON,0:18:49
,291.90,302.15,146.15,OPC ON,Batt ON,0:18:55
,291.90,302.15,146.15,OPC ON,Batt ON,0:19:01
,291.84,302.15,146.15,OPC ON,Batt ON,0:19:07
,291.77,302.15,146.15,OPC ON,Batt ON,0:19:13
,291.77,302.09,146.15,OPC ON,Batt ON,0:19:19
,291.59,302.09,146.15,OPC ON,Batt ON,0:19:25
,291.46,302.02,146.15,OPC ON,Batt ON,0:19:31
,291.34,301.96,146.15,OPC ON,Batt ON,0:19:37
,291.21,301.96,146.15,OPC ON,Batt ON,0:19:43
,291.02,301.96,146.15,OPC ON,Batt ON,0:19:49
,290.90,301.96,146.15,OPC ON,Batt ON,0:19:55
,290.90,301.96,146.15,OPC ON,Batt ON,0:20:01
,290.96,301.90,146.15,OPC ON,Batt ON,0:20:07
,290.90,301.84,146.15,OPC ON,Batt ON,0:20:13
,290.84,301.84,146.15,OPC ON,Batt ON,0:20:19
,290.84,301.84,146.15,OPC ON,Batt ON,0:20:25
,290.84,301.77,146.15,OPC ON,Batt ON,0:20:31
,290.77,301.77,146.15,OPC ON,Batt ON,0:20:37
,290.77,301.77,146.15,OPC ON,Batt ON,0:20:42
,290.77,301.77,146.15,OPC ON,Batt ON,0:20:48
,290.59,301.71,146.15,OPC ON,Batt ON,0:20:54
,290.46,301.71,146.15,OPC ON,Batt ON,0:21:00
,290.27,301.71,146.15,OPC ON,Batt ON,0:21:06
,290.09,301.71,146.15,OPC ON,Batt ON,0:21:12
,289.90,301.65,146.15,OPC ON,Batt ON,0:21:18
,289.65,301.65,146.15,OPC ON,Batt ON,0:21:24
,289.59,301.59,146.15,OPC ON,Batt ON,0:21:30
,289.59,301.59,146.15,OPC ON,Batt ON,0:21:36
,289.59,301.59,146.15,OPC ON,Batt ON,0:21:42
,289.46,301.52,146.15,OPC ON,Batt ON,0:21:48
,289.34,301.52,146.15,OPC ON,Batt ON,0:21:54
,289.15,301.52,146.15,OPC ON,Batt ON,0:22:00
,289.15,301.52,146.15,OPC ON,Batt ON,0:22:06
,289.09,301.46,146.15,OPC ON,Batt ON,0:22:12
,289.02,301.46,146.15,OPC ON,Batt ON,0:22:18
,288.96,301.40,146.15,OPC ON,Batt ON,0:22:24
,288.96,301.40,146.15,OPC ON,Batt ON,0:22:30
,288.96,301.34,146.15,OPC ON,Batt ON,0:22:36
,288.90,301.34,146.15,OPC ON,Batt ON,0:22:42
,288.90,301.27,146.15,OPC ON,Batt ON,0:22:48
,288.90,301.27,146.15,OPC ON,Batt ON,0:22:54
,288.84,301.27,146.15,OPC ON,Batt ON,0:23:00
,288.77,301.21,146.15,OPC ON,Batt ON,0:23:06
,288.71,301.15,146.15,OPC ON,Batt ON,0:23:12
,288.71,301.15,146.15,OPC ON,Batt ON,0:23:18
,288.65,301.15,146.15,OPC ON,Batt ON,0:23:24
,288.65,301.15,146.15,OPC ON,Batt ON,0:23:30
,288.65,301.15,146.15,OPC ON,Batt ON,0:23:36
,288.59,301.09,146.15,OPC ON,Batt ON,0:23:42
,288.59,301.09,146.15,OPC ON,Batt ON,0:23:48
,288.52,301.02,146.15,OPC ON,Batt ON,0:23:54
,288.40,301.02,146.15,OPC ON,Batt ON,0:24:00
,288.34,300.96,146.15,OPC ON,Batt ON,0:24:06
,288.21,300.96,146.15,OPC ON,Batt ON,0:24:12
,288.15,300.90,146.15,OPC ON,Batt ON,0:24:18
,288.09,300.84,146.15,OPC ON,Batt ON,0:24:24
,287.84,300.77,146.15,OPC ON,Batt ON,0:24:30
,287.71,300.71,146.15,OPC ON,Batt ON,0:24:36
,287.65,300.71,146.15,OPC ON,Batt ON,0:24:41
,287.59,300.71,146.15,OPC ON,Batt ON,0:24:47
,287.52,300.65,146.15,OPC ON,Batt ON,0:24:53
,287.46,300.65,146.15,OPC ON,Batt ON,0:24:59
,287.46,300.59,146.15,OPC ON,Batt ON,0:25:05
,287.40,300.59,146.15,OPC ON,Batt ON,0:25:11
,287.27,300.52,146.15,OPC ON,Batt ON,0:25:17
,287.21,300.46,146.15,OPC ON,Batt ON,0:25:23
,287.15,300.46,146.15,OPC ON,Batt ON,0:25:29
,287.02,300.46,146.15,OPC ON,Batt ON,0:25:35
,286.96,300.34,146.15,OPC ON,Batt ON,0:25:41
,286.84,300.34,146.15,OPC ON,Batt ON,0:25:47
,286.59,300.34,146.15,OPC ON,Batt ON,0:25:53
,286.52,300.27,146.15,OPC ON,Batt ON,0:25:59
,286.40,300.21,146.15,OPC ON,Batt ON,0:26:05
,286.34,300.21,146.15,OPC ON,Batt ON,0:26:11
,286.34,300.15,146.15,OPC ON,Batt ON,0:26:17
,286.34,300.09,146.15,OPC ON,Batt ON,0:26:23
,286.34,300.02,146.15,OPC ON,Batt ON,0:26:29
,286.27,300.02,146.15,OPC ON,Batt ON,0:26:35
,286.15,299.96,146.15,OPC ON,Batt ON,0:26:41
,286.02,299.90,146.15,OPC ON,Batt ON,0:26:47
,285.96,299.90,146.15,OPC ON,Batt ON,0:26:53
,285.84,299.84,146.15,OPC ON,Batt ON,0:26:59
,285.65,299.77,146.15,OPC ON,Batt ON,0:27:05
,285.46,299.77,146.15,OPC ON,Batt ON,0:27:11
,285.40,299.71,146.15,OPC ON,Batt ON,0:27:17
,285.40,299.71,146.15,OPC ON,Batt ON,0:27:23
,285.27,299.65,146.15,OPC ON,Batt ON,0:27:29
,285.21,299.65,146.15,OPC ON,Batt ON,0:27:35
,285.15,299.59,146.15,OPC ON,Batt ON,0:27:41
,285.02,299.59,146.15,OPC ON,Batt ON,0:27:47
,285.02,299.52,146.15,OPC ON,Batt ON,0:27:53
,284.96,299.46,146.15,OPC ON,Batt ON,0:27:59
,284.84,299.46,146.15,OPC ON,Batt ON,0:28:05
,284.65,299.40,146.15,OPC ON,Batt ON,0:28:11
,284.59,299.40,146.15,OPC ON,Batt ON,0:28:17
,284.52,299.34,146.15,OPC ON,Batt ON,0:28:23
,284.40,299.27,146.15,OPC ON,Batt ON,0:28:29
,284.34,299.27,146.15,OPC ON,Batt ON,0:28:35
,284.15,299.21,146.15,OPC ON,Batt ON,0:28:41
,284.15,299.15,146.15,OPC ON,Batt ON,0:28:47
,284.02,299.15,146.15,OPC ON,Batt ON,0:28:53
,283.96,299.09,146.15,OPC ON,Batt ON,0:28:59
,283.96,299.02,146.15,OPC ON,Batt ON,0:29:05
,283.77,299.02,146.15,OPC ON,Batt ON,0:29:11
,283.59,298.96,146.15,OPC ON,Batt ON,0:29:17
,283.40,298.90,146.15,OPC ON,Batt ON,0:29:23
,283.27,298.84,146.15,OPC ON,Batt ON,0:29:29
,283.15,298.84,146.15,OPC ON,Batt ON,0:29:35
,283.09,298.77,146.15,OPC ON,Batt ON,0:29:41
,283.02,298.71,146.15,OPC ON,Batt ON,0:29:47
,282.90,298.71,146.15,OPC ON,Batt ON,0:29:53
,282.77,298.71,146.15,OPC ON,Batt ON,0:29:59
,282.59,298.65,146.15,OPC ON,Batt ON,0:30:05
,282.46,298.59,146.15,OPC ON,Batt ON,0:30:11
,282.52,298.59,146.15,OPC ON,Batt ON,0:30:17
,282.46,298.52,146.15,OPC ON,Batt ON,0:30:23
,282.40,298.46,146.15,OPC ON,Batt ON,0:30:29
,282.27,298.46,146.15,OPC ON,Batt ON,0:30:35
,282.21,298.40,146.15,OPC ON,Batt ON,0:30:41
,282.21,298.34,146.15,OPC ON,Batt ON,0:30:47
,282.15,298.34,146.15,OPC ON,Batt ON,0:30:53
,282.21,298.27,146.15,OPC ON,Batt ON,0:30:58
,282.21,298.21,146.15,OPC ON,Batt ON,0:31:04
,282.09,298.15,146.15,OPC ON,Batt ON,0:31:10
,282.02,298.15,146.15,OPC ON,Batt ON,0:31:16
,282.02,298.09,146.15,OPC ON,Batt ON,0:31:22
,281.96,298.02,146.15,OPC ON,Batt ON,0:31:28
,281.96,297.90,146.15,OPC ON,Batt ON,0:31:34
,281.77,297.90,146.15,OPC ON,Batt ON,0:31:40
,281.71,297.84,146.15,OPC ON,Batt ON,0:31:46
,281.59,297.84,146.15,OPC ON,Batt ON,0:31:52
,281.52,297.77,146.15,OPC ON,Batt ON,0:31:58
,281.34,297.71,146.15,OPC ON,Batt ON,0:32:04
,281.15,297.71,146.15,OPC ON,Batt ON,0:32:10
,281.09,297.65,146.15,OPC ON,Batt ON,0:32:16
,280.84,297.59,146.15,OPC ON,Batt ON,0:32:22
,280.77,297.52,146.15,OPC ON,Batt ON,0:32:28
,280.65,297.52,146.15,OPC ON,Batt ON,0:32:34
,280.59,297.46,146.15,OPC ON,Batt ON,0:32:40
,280.59,297.46,146.15,OPC ON,Batt ON,0:32:46
,280.46,297.34,146.15,OPC ON,Batt ON,0:32:52
,280.34,297.27,146.15,OPC ON,Batt ON,0:32:58
,280.21,297.27,146.15,OPC ON,Batt ON,0:33:04
,280.21,297.21,146.15,OPC ON,Batt ON,0:33:10
,280.15,297.21,146.15,OPC ON,Batt ON,0:33:16
,280.09,297.15,146.15,OPC ON,Batt ON,0:33:22
,279.96,297.09,146.15,OPC ON,Batt ON,0:33:28
,279.84,297.02,146.15,OPC ON,Batt ON,0:33:34
,279.71,297.02,146.15,OPC ON,Batt ON,0:33:40
,279.59,296.96,146.15,OPC ON,Batt ON,0:33:46
,279.52,296.90,146.15,OPC ON,Batt ON,0:33:52
,279.27,296.84,146.15,OPC ON,Batt ON,0:33:58
,279.15,296.71,146.15,OPC ON,Batt ON,0:34:04
,279.09,296.65,146.15,OPC ON,Batt ON,0:34:10
,279.02,296.65,146.15,OPC ON,Batt ON,0:34:16
,278.84,296.65,146.15,OPC ON,Batt ON,0:34:22
,278.71,296.59,146.15,OPC ON,Batt ON,0:34:28
,278.59,296.52,146.15,OPC ON,Batt ON,0:34:34
,278.59,296.52,146.15,OPC ON,Batt ON,0:34:40
,278.52,296.46,146.15,OPC ON,Batt ON,0:34:46
,278.34,296.40,146.15,OPC ON,Batt ON,0:34:52
,278.27,296.34,146.15,OPC ON,Batt ON,0:34:58
,278.15,296.27,146.15,OPC ON,Batt ON,0:35:04
,278.21,296.15,146.15,OPC ON,Batt ON,0:35:10
,278.15,296.15,146.15,OPC ON,Batt ON,0:35:16
,278.09,296.09,146.15,OPC ON,Batt ON,0:35:22
,278.02,296.09,146.15,OPC ON,Batt ON,0:35:28
,277.96,296.02,146.15,OPC ON,Batt ON,0:35:34
,277.84,295.96,146.15,OPC ON,Batt ON,0:35:40
,277.71,295.96,146.15,OPC ON,Batt ON,0:35:46
,277.59,295.90,146.15,OPC ON,Batt ON,0:35:52
,277.52,295.84,146.15,OPC ON,Batt ON,0:35:58
,277.34,295.77,146.15,OPC ON,Batt ON,0:36:04
,277.27,295.71,146.15,OPC ON,Batt ON,0:36:10
,276.96,295.65,146.15,OPC ON,Batt ON,0:36:16
,276.77,295.65,146.15,OPC ON,Batt ON,0:36:22
,276.71,295.59,146.15,OPC ON,Batt ON,0:36:28
,276.65,295.52,146.15,OPC ON,Batt ON,0:36:34
,276.59,295.46,146.15,OPC ON,Batt ON,0:36:40
,276.59,295.46,146.15,OPC ON,Batt ON,0:36:46
,276.52,295.40,146.15,OPC ON,Batt ON,0:36:52
,276.46,295.34,146.15,OPC ON,Batt ON,0:36:58
,276.34,295.34,146.15,OPC ON,Batt ON,0:37:04
,276.21,295.27,146.15,OPC ON,Batt ON,0:37:10
,276.15,295.21,146.15,OPC ON,Batt ON,0:37:16
,276.09,295.15,146.15,OPC ON,Batt ON,0:37:22
,275.96,295.09,146.15,OPC ON,Batt ON,0:37:28
,276.02,295.02,146.15,OPC ON,Batt ON,0:37:34
,275.90,295.02,146.15,OPC ON,Batt ON,0:37:40
,275.84,294.96,146.15,OPC ON,Batt ON,0:37:46
,275.71,294.90,146.15,OPC ON,Batt ON,0:37:52
,275.71,294.84,146.15,OPC ON,Batt ON,0:37:58
,275.59,294.77,146.15,OPC ON,Batt ON,0:38:04
,275.40,294.71,146.15,OPC ON,Batt ON,0:38:10
,275.21,294.71,146.15,OPC ON,Batt ON,0:38:16
,274.90,294.59,146.15,OPC ON,Batt ON,0:38:22
,274.59,294.46,146.15,OPC ON,Batt ON,0:38:28
,274.34,294.46,146.15,OPC ON,Batt ON,0:38:34
,273.96,294.40,146.15,OPC ON,Batt ON,0:38:40
,273.84,294.34,146.15,OPC ON,Batt ON,0:38:46
,273.71,294.27,146.15,OPC ON,Batt ON,0:38:52
,273.65,294.27,146.15,OPC ON,Batt ON,0:38:58
,273.52,294.21,146.15,OPC ON,Batt ON,0:39:04
,273.40,294.15,146.15,OPC ON,Batt ON,0:39:10
,273.40,294.02,146.15,OPC ON,Batt ON,0:39:16
,273.40,293.96,146.15,OPC ON,Batt ON,0:39:22
,273.40,293.90,146.15,OPC ON,Batt ON,0:39:28
,273.40,293.84,146.15,OPC ON,Batt ON,0:39:34
,273.40,293.77,146.15,OPC ON,Batt ON,0:39:40
,273.46,293.71,146.15,OPC ON,Batt ON,0:39:46
,273.40,293.52,146.15,OPC ON,Batt ON,0:39:52
,273.27,293.59,146.15,OPC ON,Batt ON,0:39:58
,272.90,293.52,146.15,OPC ON,Batt ON,0:40:04
,272.84,293.46,146.15,OPC ON,Batt ON,0:40:10
,272.65,293.34,146.15,OPC ON,Batt ON,0:40:16
,272.27,293.27,146.15,OPC ON,Batt ON,0:40:21
,272.21,293.21,146.15,OPC ON,Batt ON,0:40:27
,271.96,293.21,146.15,OPC ON,Batt ON,0:40:33
,271.90,293.15,146.15,OPC ON,Batt ON,0:40:39
,271.71,293.15,146.15,OPC ON,Batt ON,0:40:45
,271.65,293.09,146.15,OPC ON,Batt ON,0:40:51
,271.65,293.02,146.15,OPC ON,Batt ON,0:40:57
,271.65,292.90,146.15,OPC ON,Batt ON,0:41:03
,271.59,292.90,146.15,OPC ON,Batt ON,0:41:09
,271.46,292.84,146.15,OPC ON,Batt ON,0:41:15
,271.40,292.84,146.15,OPC ON,Batt ON,0:41:21
,271.34,292.77,146.15,OPC ON,Batt ON,0:41:27
,271.09,292.71,146.15,OPC ON,Batt ON,0:41:33
,270.96,292.65,146.15,OPC ON,Batt ON,0:41:39
,270.90,292.65,146.15,OPC ON,Batt ON,0:41:45
,270.59,292.52,146.15,OPC ON,Batt ON,0:41:51
,270.46,292.46,146.15,OPC ON,Batt ON,0:41:57
,270.34,292.46,146.15,OPC ON,Batt ON,0:42:03
,270.27,292.40,146.15,OPC ON,Batt ON,0:42:09
,269.96,292.34,146.15,OPC ON,Batt ON,0:42:15
,269.90,292.27,146.15,OPC ON,Batt ON,0:42:21
,269.71,292.27,146.15,OPC ON,Batt ON,0:42:27
,269.59,292.15,146.15,OPC ON,Batt ON,0:42:33
,269.21,292.02,146.15,OPC ON,Batt ON,0:42:39
,269.02,291.84,146.15,OPC ON,Batt ON,0:42:45
,268.84,291.77,146.15,OPC ON,Batt ON,0:42:51
,268.65,291.71,146.15,OPC ON,Batt ON,0:42:57
,268.46,291.71,146.15,OPC ON,Batt ON,0:43:03
,268.40,291.65,146.15,OPC ON,Batt ON,0:43:09
,268.21,291.59,146.15,OPC ON,Batt ON,0:43:15
,268.02,291.52,146.15,OPC ON,Batt ON,0:43:21
,268.02,291.46,146.15,OPC ON,Batt ON,0:43:27
,267.96,291.46,146.15,OPC ON,Batt ON,0:43:33
,267.71,291.40,146.15,OPC ON,Batt ON,0:43:39
,267.77,291.34,146.15,OPC ON,Batt ON,0:43:45
,267.52,291.27,146.15,OPC ON,Batt ON,0:43:51
,267.46,291.21,146.15,OPC ON,Batt ON,0:43:58
,267.27,291.21,146.15,OPC ON,Batt ON,0:44:04
,267.21,291.15,146.15,OPC ON,Batt ON,0:44:10
,267.27,291.09,146.15,OPC ON,Batt ON,0:44:16
,267.34,291.02,146.15,OPC ON,Batt ON,0:44:22
,267.21,290.96,146.15,OPC ON,Batt ON,0:44:28
,267.15,290.77,146.15,OPC ON,Batt ON,0:44:34
,266.96,290.71,146.15,OPC ON,Batt ON,0:44:40
,266.77,290.71,146.15,OPC ON,Batt ON,0:44:46
,266.65,290.65,146.15,OPC ON,Batt ON,0:44:52
,266.65,290.59,146.15,OPC ON,Batt ON,0:44:58
,266.65,290.59,146.15,OPC ON,Batt ON,0:45:04
,266.27,290.52,146.15,OPC ON,Batt ON,0:45:10
,266.15,290.46,146.15,OPC ON,Batt ON,0:45:16
,266.15,290.46,146.15,OPC ON,Batt ON,0:45:22
,266.15,290.40,146.15,OPC ON,Batt ON,0:45:28
,266.09,290.34,146.15,OPC ON,Batt ON,0:45:34
,265.84,290.27,146.15,OPC ON,Batt ON,0:45:40
,265.59,290.21,146.15,OPC ON,Batt ON,0:45:46
,265.40,290.15,146.15,OPC ON,Batt ON,0:45:52
,265.21,289.84,146.15,OPC ON,Batt ON,0:45:58
,265.09,289.84,146.15,OPC ON,Batt ON,0:46:04
,264.77,289.77,146.15,OPC ON,Batt ON,0:46:10
,264.65,289.77,146.15,OPC ON,Batt ON,0:46:16
,264.71,289.71,146.15,OPC ON,Batt ON,0:46:22
,264.46,289.65,146.15,OPC ON,Batt ON,0:46:28
,264.34,289.59,146.15,OPC ON,Batt ON,0:46:34
,264.34,289.52,146.15,OPC ON,Batt ON,0:46:40
,264.40,289.46,146.15,OPC ON,Batt ON,0:46:46
,264.46,289.46,146.15,OPC ON,Batt ON,0:46:52
,264.34,289.40,146.15,OPC ON,Batt ON,0:46:58
,264.40,289.40,146.15,OPC ON,Batt ON,0:47:04
,264.34,289.27,146.15,OPC ON,Batt ON,0:47:10
,264.27,289.15,146.15,OPC ON,Batt ON,0:47:16
,264.27,289.15,146.15,OPC ON,Batt ON,0:47:22
,264.02,289.09,146.15,OPC ON,Batt ON,0:47:28
,263.96,288.90,146.15,OPC ON,Batt ON,0:47:34
,263.90,288.90,146.15,OPC ON,Batt ON,0:47:40
,263.84,288.84,146.15,OPC ON,Batt ON,0:47:46
,263.65,288.77,146.15,OPC ON,Batt ON,0:47:52
,263.52,288.71,146.15,OPC ON,Batt ON,0:47:58
,263.21,288.65,146.15,OPC ON,Batt ON,0:48:04
,263.27,288.59,146.15,OPC ON,Batt ON,0:48:10
,263.27,288.52,146.15,OPC ON,Batt ON,0:48:16
,263.21,288.52,146.15,OPC ON,Batt ON,0:48:22
,263.21,288.40,146.15,OPC ON,Batt ON,0:48:28
,263.09,288.27,146.15,OPC ON,Batt ON,0:48:34
,263.02,287.96,146.15,OPC ON,Batt ON,0:48:40
,262.77,288.02,146.15,OPC ON,Batt ON,0:48:46
,262.71,288.02,146.15,OPC ON,Batt ON,0:48:52
,262.71,288.02,146.15,OPC ON,Batt ON,0:48:58
,262.77,287.96,146.15,OPC ON,Batt ON,0:49:04
,262.77,287.90,146.15,OPC ON,Batt ON,0:49:10
,262.77,287.84,146.15,OPC ON,Batt ON,0:49:16
,262.71,287.71,146.15,OPC ON,Batt ON,0:49:22
,262.46,287.65,146.15,OPC ON,Batt ON,0:49:28
,262.02,287.65,146.15,OPC ON,Batt ON,0:49:34
,261.90,287.59,146.15,OPC ON,Batt ON,0:49:40
,261.65,287.52,146.15,OPC ON,Batt ON,0:49:46
,261.59,287.46,146.15,OPC ON,Batt ON,0:49:52
,261.59,287.40,146.15,OPC ON,Batt ON,0:49:58
,261.59,287.40,146.15,OPC ON,Batt ON,0:50:04
,261.46,287.34,146.15,OPC ON,Batt ON,0:50:10
,261.40,287.27,146.15,OPC ON,Batt ON,0:50:16
,261.34,287.21,146.15,OPC ON,Batt ON,0:50:22
,261.40,287.15,146.15,OPC ON,Batt ON,0:50:28
,261.34,287.09,146.15,OPC ON,Batt ON,0:50:34
,261.40,287.02,146.15,OPC ON,Batt ON,0:50:40
,261.34,286.96,146.15,OPC ON,Batt ON,0:50:46
,261.34,286.96,146.15,OPC ON,Batt ON,0:50:52
,261.27,286.90,146.15,OPC ON,Batt ON,0:50:58
,261.27,286.84,146.15,OPC ON,Batt ON,0:51:04
,261.21,286.77,146.15,OPC ON,Batt ON,0:51:10
,261.09,286.71,146.15,OPC ON,Batt ON,0:51:16
,261.02,286.65,146.15,OPC ON,Batt ON,0:51:22
,260.96,286.59,146.15,OPC ON,Batt ON,0:51:28
,260.96,286.59,146.15,OPC ON,Batt ON,0:51:34
,261.02,286.52,146.15,OPC ON,Batt ON,0:51:40
,261.02,286.46,146.15,OPC ON,Batt ON,0:51:46
,261.02,286.40,146.15,OPC ON,Batt ON,0:51:52
,261.02,286.34,146.15,OPC ON,Batt ON,0:51:58
,261.02,286.27,146.15,OPC ON,Batt ON,0:52:04
,260.96,286.21,146.15,OPC ON,Batt ON,0:52:10
,260.96,286.15,146.15,OPC ON,Batt ON,0:52:16
,260.96,286.15,146.15,OPC ON,Batt ON,0:52:22
,260.90,286.09,146.15,OPC ON,Batt ON,0:52:28
,260.96,286.02,146.15,OPC ON,Batt ON,0:52:34
,260.90,285.96,146.15,OPC ON,Batt ON,0:52:40
,260.77,285.90,146.15,OPC ON,Batt ON,0:52:46
,260.71,285.84,146.15,OPC ON,Batt ON,0:52:52
,260.65,285.71,146.15,OPC ON,Batt ON,0:52:58
,260.52,285.71,146.15,OPC ON,Batt ON,0:53:04
,260.34,285.65,146.15,OPC ON,Batt ON,0:53:10
,260.21,285.59,146.15,OPC ON,Batt ON,0:53:16
,260.21,285.59,146.15,OPC ON,Batt ON,0:53:22
,260.21,285.52,146.15,OPC ON,Batt ON,0:53:28
,260.27,285.46,146.15,OPC ON,Batt ON,0:53:34
,260.15,285.40,146.15,OPC ON,Batt ON,0:53:40
,260.09,285.40,146.15,OPC ON,Batt ON,0:53:46
,260.09,285.34,146.15,OPC ON,Batt ON,0:53:52
,260.15,285.27,146.15,OPC ON,Batt ON,0:53:58
,260.21,285.21,146.15,OPC ON,Batt ON,0:54:04
,260.27,285.15,146.15,OPC ON,Batt ON,0:54:10
,260.27,285.15,146.15,OPC ON,Batt ON,0:54:16
,260.27,285.09,146.15,OPC ON,Batt ON,0:54:22
,260.15,285.02,146.15,OPC ON,Batt ON,0:54:28
,260.09,285.02,146.15,OPC ON,Batt ON,0:54:34
,260.02,284.96,146.15,OPC ON,Batt ON,0:54:40
,260.02,284.90,146.15,OPC ON,Batt ON,0:54:46
,259.90,284.84,146.15,OPC ON,Batt ON,0:54:52
,259.90,284.77,146.15,OPC ON,Batt ON,0:54:58
,259.90,284.77,146.15,OPC ON,Batt ON,0:55:04
,259.90,284.71,146.15,OPC ON,Batt ON,0:55:10
,259.90,284.65,146.15,OPC ON,Batt ON,0:55:16
,259.96,284.59,146.15,OPC ON,Batt ON,0:55:22
,259.90,284.52,146.15,OPC ON,Batt ON,0:55:28
,259.96,284.52,146.15,OPC ON,Batt ON,0:55:34
,259.90,284.46,146.15,OPC ON,Batt ON,0:55:40
,259.96,284.40,146.15,OPC ON,Batt ON,0:55:46
,259.90,284.40,146.15,OPC ON,Batt ON,0:55:52
,259.90,284.34,146.15,OPC ON,Batt ON,0:55:58
,259.84,284.27,146.15,OPC ON,Batt ON,0:56:04
,259.71,284.09,146.15,OPC ON,Batt ON,0:56:10
,259.59,284.09,146.15,OPC ON,Batt ON,0:56:16
,259.46,283.96,146.15,OPC ON,Batt ON,0:56:22
,259.46,283.90,146.15,OPC ON,Batt ON,0:56:28
,259.46,283.84,146.15,OPC ON,Batt ON,0:56:35
,259.46,283.84,146.15,OPC ON,Batt ON,0:56:41
,259.34,283.77,146.15,OPC ON,Batt ON,0:56:47
,259.40,283.77,146.15,OPC ON,Batt ON,0:56:53
,259.46,283.71,146.15,OPC ON,Batt ON,0:56:59
,259.52,283.71,146.15,OPC ON,Batt ON,0:57:05
,259.59,283.65,146.15,OPC ON,Batt ON,0:57:11
,259.59,283.65,146.15,OPC ON,Batt ON,0:57:17
,259.59,283.59,146.15,OPC ON,Batt ON,0:57:23
,259.59,283.52,146.15,OPC ON,Batt ON,0:57:29
,259.59,283.52,146.15,OPC ON,Batt ON,0:57:35
,259.59,283.46,146.15,OPC ON,Batt ON,0:57:41
,259.59,283.40,146.15,OPC ON,Batt ON,0:57:47
,259.52,283.40,146.15,OPC ON,Batt ON,0:57:53
,259.52,283.34,146.15,OPC ON,Batt ON,0:57:59
,259.40,283.27,146.15,OPC ON,Batt ON,0:58:05
,259.46,283.27,146.15,OPC ON,Batt ON,0:58:11
,259.46,283.21,146.15,OPC ON,Batt ON,0:58:17
,259.46,283.21,146.15,OPC ON,Batt ON,0:58:23
,259.46,283.15,146.15,OPC ON,Batt ON,0:58:29
,259.46,283.09,146.15,OPC ON,Batt ON,0:58:35
,259.46,283.02,146.15,OPC ON,Batt ON,0:58:41
,259.46,283.02,146.15,OPC ON,Batt ON,0:58:47
,259.46,282.96,146.15,OPC ON,Batt ON,0:58:53
,259.46,282.96,146.15,OPC ON,Batt ON,0:58:59
,259.34,282.90,146.15,OPC ON,Batt ON,0:59:05
,259.40,282.84,146.15,OPC ON,Batt ON,0:59:11
,259.34,282.77,146.15,OPC ON,Batt ON,0:59:17
,259.21,282.77,146.15,OPC ON,Batt ON,0:59:23
,259.21,282.71,146.15,OPC ON,Batt ON,0:59:29
,259.21,282.71,146.15,OPC ON,Batt ON,0:59:35
,259.15,282.65,146.15,OPC ON,Batt ON,0:59:41
,259.15,282.59,146.15,OPC ON,Batt ON,0:59:47
,259.15,282.59,146.15,OPC ON,Batt ON,0:59:53
,259.15,282.52,146.15,OPC ON,Batt ON,0:59:59
,259.15,282.52,146.15,OPC ON,Batt ON,1:00:05
,259.15,282.46,146.15,OPC ON,Batt ON,1:00:11
,259.21,282.40,146.15,OPC ON,Batt ON,1:00:17
,259.21,282.40,146.15,OPC ON,Batt ON,1:00:23
,259.21,282.34,146.15,OPC ON,Batt ON,1:00:29
,259.21,282.27,146.15,OPC ON,Batt ON,1:00:35
,259.15,282.27,146.15,OPC ON,Batt ON,1:00:41
,259.15,282.21,146.15,OPC ON,Batt ON,1:00:47
,259.15,282.21,146.15,OPC ON,Batt ON,1:00:53
,259.15,282.15,146.15,OPC ON,Batt ON,1:00:59
,259.15,282.09,146.15,OPC ON,Batt ON,1:01:05
,258.90,282.09,146.15,OPC ON,Batt ON,1:01:11
,258.77,282.02,146.15,OPC ON,Batt ON,1:01:17
,258.77,281.96,146.15,OPC ON,Batt ON,1:01:23
,258.77,281.90,146.15,OPC ON,Batt ON,1:01:29
,258.71,281.90,146.15,OPC ON,Batt ON,1:01:35
,258.59,281.90,146.15,OPC ON,Batt ON,1:01:41
,258.59,281.84,146.15,OPC ON,Batt ON,1:01:48
,258.46,281.77,146.15,OPC ON,Batt ON,1:01:54
,258.40,281.71,146.15,OPC ON,Batt ON,1:02:00
,258.27,281.71,146.15,OPC ON,Batt ON,1:02:06
,258.27,281.65,146.15,OPC ON,Batt ON,1:02:12
,258.21,281.65,146.15,OPC ON,Batt ON,1:02:33
,258.40,281.46,146.15,OPC ON,Batt ON,1:02:39
,258.34,281.46,146.15,OPC ON,Batt ON,1:02:45
,258.34,281.40,146.15,OPC ON,Batt ON,1:02:51
,258.21,281.34,146.15,OPC ON,Batt ON,1:02:57
,258.15,281.27,146.15,OPC ON,Batt ON,1:03:03
,258.21,281.27,146.15,OPC ON,Batt ON,1:03:09
,258.21,281.27,146.15,OPC ON,Batt ON,1:03:15
,258.15,281.21,146.15,OPC ON,Batt ON,1:03:21
,258.02,281.15,146.15,OPC ON,Batt ON,1:03:27
,257.96,281.15,146.15,OPC ON,Batt ON,1:03:33
,257.96,281.09,146.15,OPC ON,Batt ON,1:03:39
,258.02,281.09,146.15,OPC ON,Batt ON,1:03:45
,258.02,281.02,146.15,OPC ON,Batt ON,1:03:51
,258.09,280.96,146.15,OPC ON,Batt ON,1:03:57
,258.02,280.96,146.15,OPC ON,Batt ON,1:04:03
,258.02,280.90,146.15,OPC ON,Batt ON,1:04:09
,257.96,280.90,146.15,OPC ON,Batt ON,1:04:15
,257.96,280.84,146.15,OPC ON,Batt ON,1:04:21
,257.90,280.84,146.15,OPC ON,Batt ON,1:04:27
,257.84,280.77,146.15,OPC ON,Batt ON,1:04:33
,257.71,280.77,146.15,OPC ON,Batt ON,1:04:39
,257.65,280.71,146.15,OPC ON,Batt ON,1:04:45
,257.52,280.71,146.15,OPC ON,Batt ON,1:04:51
,257.46,280.65,146.15,OPC ON,Batt ON,1:04:58
,257.46,280.65,146.15,OPC ON,Batt ON,1:05:04
,257.52,280.59,146.15,OPC ON,Batt ON,1:05:10
,257.52,280.52,146.15,OPC ON,Batt ON,1:05:16
,257.59,280.52,146.15,OPC ON,Batt ON,1:05:22
,257.65,280.46,146.15,OPC ON,Batt ON,1:05:28
,257.65,280.46,146.15,OPC ON,Batt ON,1:05:34
,257.71,280.40,146.15,OPC ON,Batt ON,1:05:40
,257.71,280.40,146.15,OPC ON,Batt ON,1:05:46
,257.77,280.34,146.15,OPC ON,Batt ON,1:05:52
,257.84,280.34,146.15,OPC ON,Batt ON,1:05:58
,257.84,280.34,146.15,OPC ON,Batt ON,1:06:04
,257.90,280.27,146.15,OPC ON,Batt ON,1:06:10
,257.90,280.21,146.15,OPC ON,Batt ON,1:06:16
,257.84,280.21,146.15,OPC ON,Batt ON,1:06:22
,257.77,280.15,146.15,OPC ON,Batt ON,1:06:28
,257.71,280.09,146.15,OPC ON,Batt ON,1:06:34
,257.71,280.09,146.15,OPC ON,Batt ON,1:06:40
,257.71,280.09,146.15,OPC ON,Batt ON,1:06:46
,257.71,280.02,146.15,OPC ON,Batt ON,1:06:52
,257.71,280.02,146.15,OPC ON,Batt ON,1:06:58
,257.77,279.96,146.15,OPC ON,Batt ON,1:07:04
,257.77,279.96,146.15,OPC ON,Batt ON,1:07:10
,257.84,279.90,146.15,OPC ON,Batt ON,1:07:16
,257.84,279.84,146.15,OPC ON,Batt ON,1:07:22
,257.84,279.84,146.15,OPC ON,Batt ON,1:07:28
,257.90,279.84,146.15,OPC ON,Batt ON,1:07:34
,257.90,279.77,146.15,OPC ON,Batt ON,1:07:40
,257.96,279.77,146.15,OPC ON,Batt ON,1:07:46
,257.90,279.71,146.15,OPC ON,Batt ON,1:07:52
,257.96,279.71,146.15,OPC ON,Batt ON,1:07:58
,257.96,279.71,146.15,OPC ON,Batt ON,1:08:04
,258.02,279.65,146.15,OPC ON,Batt ON,1:08:10
,258.02,279.59,146.15,OPC ON,Batt ON,1:08:16
,258.02,279.59,146.15,OPC ON,Batt ON,1:08:22
,258.02,279.59,146.15,OPC ON,Batt ON,1:08:28
,258.09,279.52,146.15,OPC ON,Batt ON,1:08:34
,258.09,279.52,146.15,OPC ON,Batt ON,1:08:40
,258.15,279.46,146.15,OPC ON,Batt ON,1:08:46
,258.15,279.46,146.15,OPC ON,Batt ON,1:08:52
,258.15,279.46,146.15,OPC ON,Batt ON,1:08:58
,258.15,279.40,146.15,OPC ON,Batt ON,1:09:04
,258.21,279.40,146.15,OPC ON,Batt ON,1:09:10
,258.21,279.34,146.15,OPC ON,Batt ON,1:09:16
,258.21,279.34,146.15,OPC ON,Batt ON,1:09:22
,258.27,279.34,146.15,OPC ON,Batt ON,1:09:28
,258.34,279.34,146.15,OPC ON,Batt ON,1:09:34
,258.27,279.27,146.15,OPC ON,Batt ON,1:09:40
,258.34,279.21,146.15,OPC ON,Batt ON,1:09:46
,258.40,279.27,146.15,OPC ON,Batt ON,1:09:52
,258.40,279.21,146.15,OPC ON,Batt ON,1:09:58
,258.40,279.21,146.15,OPC ON,Batt ON,1:10:04
,258.46,279.15,146.15,OPC ON,Batt ON,1:10:10
,258.46,279.15,146.15,OPC ON,Batt ON,1:10:16
,258.46,279.09,146.15,OPC ON,Batt ON,1:10:22
,258.52,279.09,146.15,OPC ON,Batt ON,1:10:29
,258.59,279.09,146.15,OPC ON,Batt ON,1:10:35
,258.59,279.09,146.15,OPC ON,Batt ON,1:10:41
,258.59,279.02,146.15,OPC ON,Batt ON,1:10:47
,258.65,279.02,146.15,OPC ON,Batt ON,1:10:53
,258.71,279.02,146.15,OPC ON,Batt ON,1:10:59
,258.71,278.96,146.15,OPC ON,Batt ON,1:11:05
,258.71,278.96,146.15,OPC ON,Batt ON,1:11:11
,258.77,278.96,146.15,OPC ON,Batt ON,1:11:17
,258.77,278.90,146.15,OPC ON,Batt ON,1:11:23
,258.84,278.90,146.15,OPC ON,Batt ON,1:11:29
,258.84,278.90,146.15,OPC ON,Batt ON,1:11:35
,258.84,278.90,146.15,OPC ON,Batt ON,1:11:41
,258.90,278.84,146.15,OPC ON,Batt ON,1:11:47
,258.90,278.84,146.15,OPC ON,Batt ON,1:11:53
,258.96,278.77,146.15,OPC ON,Batt ON,1:11:59
,258.96,278.77,146.15,OPC ON,Batt ON,1:12:05
,259.02,278.77,146.15,OPC ON,Batt ON,1:12:11
,259.09,278.71,146.15,OPC ON,Batt ON,1:12:17
,259.09,278.71,146.15,OPC ON,Batt ON,1:12:23
,259.15,278.71,146.15,OPC ON,Batt ON,1:12:29
,259.15,278.71,146.15,OPC ON,Batt ON,1:12:35
,259.21,278.71,146.15,OPC ON,Batt ON,1:12:41
,259.21,278.65,146.15,OPC ON,Batt ON,1:12:47
,259.27,278.65,146.15,OPC ON,Batt ON,1:12:53
,259.34,278.65,146.15,OPC ON,Batt ON,1:12:59
,259.34,278.59,146.15,OPC ON,Batt ON,1:13:05
,259.40,278.59,146.15,OPC ON,Batt ON,1:13:11
,259.46,278.59,146.15,OPC ON,Batt ON,1:13:17
,259.46,278.59,146.15,OPC ON,Batt ON,1:13:23
,259.52,278.52,146.15,OPC ON,Batt ON,1:13:29
,259.59,278.59,146.15,OPC ON,Batt ON,1:13:35
,259.65,278.52,146.15,OPC ON,Batt ON,1:13:41
,259.65,278.52,146.15,OPC ON,Batt ON,1:13:47
,259.71,278.52,146.15,OPC ON,Batt ON,1:13:53
,259.77,278.52,146.15,OPC ON,Batt ON,1:13:59
,259.84,278.46,146.15,OPC ON,Batt ON,1:14:05
,259.84,278.46,146.15,OPC ON,Batt ON,1:14:11
,259.90,278.46,146.15,OPC ON,Batt ON,1:14:17
,259.90,278.40,146.15,OPC ON,Batt ON,1:14:23
,259.96,278.40,146.15,OPC ON,Batt ON,1:14:30
,260.02,278.40,146.15,OPC ON,Batt ON,1:14:36
,260.09,278.40,146.15,OPC ON,Batt ON,1:14:42
,260.09,278.40,146.15,OPC ON,Batt ON,1:14:48
,260.15,278.40,146.15,OPC ON,Batt ON,1:14:54
,260.15,278.34,146.15,OPC ON,Batt ON,1:15:00
,260.21,278.34,146.15,OPC ON,Batt ON,1:15:06
,260.27,278.34,146.15,OPC ON,Batt ON,1:15:12
,260.27,278.34,146.15,OPC ON,Batt ON,1:15:18
,260.34,278.34,146.15,OPC ON,Batt ON,1:15:24
,260.40,278.27,146.15,OPC ON,Batt ON,1:15:30
,260.46,278.27,146.15,OPC ON,Batt ON,1:15:36
,260.46,278.27,146.15,OPC ON,Batt ON,1:15:42
,260.52,278.27,146.15,OPC ON,Batt ON,1:15:48
,260.59,278.27,146.15,OPC ON,Batt ON,1:15:54
,260.65,278.27,146.15,OPC ON,Batt ON,1:16:00
,260.65,278.21,146.15,OPC ON,Batt ON,1:16:06
,260.71,278.21,146.15,OPC ON,Batt ON,1:16:12
,260.77,278.21,146.15,OPC ON,Batt ON,1:16:18
,260.77,278.21,146.15,OPC ON,Batt ON,1:16:24
,260.84,278.21,146.15,OPC ON,Batt ON,1:16:30
,260.90,278.15,146.15,OPC ON,Batt ON,1:16:36
,260.90,278.15,146.15,OPC ON,Batt ON,1:16:42
,260.96,278.15,146.15,OPC ON,Batt ON,1:16:48
,261.02,278.15,146.15,OPC ON,Batt ON,1:16:54
,261.02,278.15,146.15,OPC ON,Batt ON,1:17:00
,261.09,278.15,146.15,OPC ON,Batt ON,1:17:06
,261.15,278.15,146.15,OPC ON,Batt ON,1:17:12
,261.21,278.15,146.15,OPC ON,Batt ON,1:17:18
,261.21,278.15,146.15,OPC ON,Batt ON,1:17:24
,261.27,278.15,146.15,OPC ON,Batt ON,1:17:30
,261.27,278.09,146.15,OPC ON,Batt ON,1:17:36
,261.34,278.09,146.15,OPC ON,Batt ON,1:17:42
,261.34,278.09,146.15,OPC ON,Batt ON,1:17:48
,261.40,278.09,146.15,OPC ON,Batt ON,1:17:54
,261.46,278.09,146.15,OPC ON,Batt ON,1:18:00
,261.46,278.09,146.15,OPC ON,Batt ON,1:18:06
,261.52,278.09,146.15,OPC ON,Batt ON,1:18:12
,261.59,278.09,146.15,OPC ON,Batt ON,1:18:18
,261.59,278.02,146.15,OPC ON,Batt ON,1:18:24
,261.65,278.02,146.15,OPC ON,Batt ON,1:18:30
,261.71,278.02,146.15,OPC ON,Batt ON,1:18:36
,261.77,278.09,146.15,OPC ON,Batt ON,1:18:42
,261.77,278.02,146.15,OPC ON,Batt ON,1:18:48
,261.84,278.02,146.15,OPC ON,Batt ON,1:18:54
,261.84,278.02,146.15,OPC ON,Batt ON,1:19:00
,261.90,278.02,146.15,OPC ON,Batt ON,1:19:06
,261.90,278.02,146.15,OPC ON,Batt ON,1:19:12
,261.96,278.02,146.15,OPC ON,Batt ON,1:19:18
,262.02,277.96,146.15,OPC ON,Batt ON,1:19:24
,262.02,277.96,146.15,OPC ON,Batt ON,1:19:30
,262.09,277.96,146.15,OPC ON,Batt ON,1:19:36
,262.09,277.96,146.15,OPC ON,Batt ON,1:19:42
,262.15,277.96,146.15,OPC ON,Batt ON,1:19:48
,262.21,277.96,146.15,OPC ON,Batt ON,1:19:55
,262.21,277.96,146.15,OPC ON,Batt ON,1:20:01
,262.27,277.96,146.15,OPC ON,Batt ON,1:20:07
,262.27,277.96,146.15,OPC ON,Batt ON,1:20:13
,262.34,277.96,146.15,OPC ON,Batt ON,1:20:19
,262.34,277.96,146.15,OPC ON,Batt ON,1:20:25
,262.40,277.96,146.15,OPC ON,Batt ON,1:20:31
,262.46,277.96,146.15,OPC ON,Batt ON,1:20:37
,262.52,277.90,146.15,OPC ON,Batt ON,1:20:43
,262.52,277.96,146.15,OPC ON,Batt ON,1:20:49
,262.52,277.90,146.15,OPC ON,Batt ON,1:20:55
,262.59,277.96,146.15,OPC ON,Batt ON,1:21:01
,262.65,277.90,146.15,OPC ON,Batt ON,1:21:07
,262.65,277.90,146.15,OPC ON,Batt ON,1:21:13
,262.71,277.90,146.15,OPC ON,Batt ON,1:21:19
,262.71,277.90,146.15,OPC ON,Batt ON,1:21:25
,262.77,277.90,146.15,OPC ON,Batt ON,1:21:31
,262.84,277.90,146.15,OPC ON,Batt ON,1:21:37
,262.84,277.90,146.15,OPC ON,Batt ON,1:21:43
,262.90,277.90,146.15,OPC ON,Batt ON,1:21:49
,262.96,277.90,146.15,OPC ON,Batt ON,1:21:55
,262.96,277.90,146.15,OPC ON,Batt ON,1:22:01
,263.02,277.90,146.15,OPC ON,Batt ON,1:22:07
,263.09,277.90,146.15,OPC ON,Batt ON,1:22:13
,263.09,277.90,146.15,OPC ON,Batt ON,1:22:19
,263.15,277.90,146.15,OPC ON,Batt ON,1:22:25
,263.15,277.90,146.15,OPC ON,Batt ON,1:22:31
,263.21,277.90,146.15,OPC ON,Batt ON,1:22:37
,263.21,277.90,146.15,OPC ON,Batt ON,1:22:43
,263.27,277.90,146.15,OPC ON,Batt ON,1:22:49
,263.34,277.90,146.15,OPC ON,Batt ON,1:22:55
,263.40,277.90,146.15,OPC ON,Batt ON,1:23:01
,263.40,277.90,146.15,OPC ON,Batt ON,1:23:07
,263.46,277.90,146.15,OPC ON,Batt ON,1:23:13
,263.46,277.90,146.15,OPC ON,Batt ON,1:23:19
,263.52,277.90,146.15,OPC ON,Batt ON,1:23:25
,263.52,277.90,146.15,OPC ON,Batt ON,1:23:31
,263.59,277.90,146.15,OPC ON,Batt ON,1:23:37
,263.65,277.90,146.15,OPC ON,Batt ON,1:23:43
,263.65,277.90,146.15,OPC ON,Batt ON,1:23:49
,263.71,277.90,146.15,OPC ON,Batt ON,1:23:55
,263.77,277.90,146.15,OPC ON,Batt ON,1:24:01
,263.77,277.90,146.15,OPC ON,Batt ON,1:24:07
,263.84,277.90,146.15,OPC ON,Batt ON,1:24:13
,263.84,277.90,146.15,OPC ON,Batt ON,1:24:19
,263.90,277.90,146.15,OPC ON,Batt ON,1:24:25
,263.90,277.90,146.15,OPC ON,Batt ON,1:24:31
,263.96,277.90,146.15,OPC ON,Batt ON,1:24:37
,264.02,277.90,146.15,OPC ON,Batt ON,1:24:44
,264.02,277.90,146.15,OPC ON,Batt ON,1:24:50
,264.09,277.90,146.15,OPC ON,Batt ON,1:24:56
,264.15,277.90,146.15,OPC ON,Batt ON,1:25:02
,264.15,277.90,146.15,OPC ON,Batt ON,1:25:08
,264.21,277.90,146.15,OPC ON,Batt ON,1:25:14
,264.21,277.90,146.15,OPC ON,Batt ON,1:25:20
,264.27,277.96,146.15,OPC ON,Batt ON,1:25:26
,264.27,277.90,146.15,OPC ON,Batt ON,1:25:32
,264.34,277.90,146.15,OPC ON,Batt ON,1:25:38
,264.34,277.96,146.15,OPC ON,Batt ON,1:25:44
,264.40,277.90,146.15,OPC ON,Batt ON,1:25:50
,264.46,277.96,146.15,OPC ON,Batt ON,1:25:56
,264.46,277.96,146.15,OPC ON,Batt ON,1:26:02
,264.52,277.90,146.15,OPC ON,Batt ON,1:26:08
,264.59,277.96,146.15,OPC ON,Batt ON,1:26:14
,264.59,277.96,146.15,OPC ON,Batt ON,1:26:20
,264.65,277.96,146.15,OPC ON,Batt ON,1:26:26
,264.65,277.96,146.15,OPC ON,Batt ON,1:26:32
,264.71,277.96,146.15,OPC ON,Batt ON,1:26:38
,264.71,277.96,146.15,OPC ON,Batt ON,1:26:44
,264.77,277.96,146.15,OPC ON,Batt ON,1:26:50
,264.77,277.96,146.15,OPC ON,Batt ON,1:26:56
,264.84,277.96,146.15,OPC ON,Batt ON,1:27:02
,264.84,277.96,146.15,OPC ON,Batt ON,1:27:08
,264.90,277.96,146.15,OPC ON,Batt ON,1:27:14
,264.96,277.96,146.15,OPC ON,Batt ON,1:27:20
,264.96,277.96,146.15,OPC ON,Batt ON,1:27:26
,265.02,277.96,146.15,OPC ON,Batt ON,1:27:32
,265.02,277.96,146.15,OPC ON,Batt ON,1:27:38
,265.09,277.96,146.15,OPC ON,Batt ON,1:27:44
,265.09,278.02,146.15,OPC ON,Batt ON,1:27:50
,265.15,278.02,146.15,OPC ON,Batt ON,1:27:56
,265.15,278.02,146.15,OPC ON,Batt ON,1:28:02
,265.21,278.02,146.15,OPC ON,Batt ON,1:28:08
,265.21,278.02,146.15,OPC ON,Batt ON,1:28:14
,265.27,278.02,146.15,OPC ON,Batt ON,1:28:20
,265.27,278.02,146.15,OPC ON,Batt ON,1:28:26
,265.34,278.02,146.15,OPC ON,Batt ON,1:28:32
,265.34,278.02,146.15,OPC ON,Batt ON,1:28:38
,265.40,278.02,146.15,OPC ON,Batt ON,1:28:44
,265.46,278.02,146.15,OPC ON,Batt ON,1:28:50
,265.52,278.02,146.15,OPC ON,Batt ON,1:28:56
,265.52,278.02,146.15,OPC ON,Batt ON,1:29:02
,265.52,278.02,146.15,OPC ON,Batt ON,1:29:08
,265.59,278.09,146.15,OPC ON,Batt ON,1:29:14
,265.59,278.02,146.15,OPC ON,Batt ON,1:29:20
,265.65,278.09,146.15,OPC ON,Batt ON,1:29:26
,265.71,278.02,146.15,OPC ON,Batt ON,1:29:33
,265.71,278.09,146.15,OPC ON,Batt ON,1:29:39
,265.71,278.09,146.15,OPC ON,Batt ON,1:29:45
,265.77,278.09,146.15,OPC ON,Batt ON,1:29:51
,265.84,278.09,146.15,OPC ON,Batt ON,1:29:57
,265.84,278.09,146.15,OPC ON,Batt ON,1:30:03
,265.90,278.09,146.15,OPC ON,Batt ON,1:30:09
,265.90,278.09,146.15,OPC ON,Batt ON,1:30:15
,265.90,278.09,146.15,OPC ON,Batt ON,1:30:21
,265.96,278.09,146.15,OPC ON,Batt ON,1:30:27
,266.02,278.15,146.15,OPC ON,Batt ON,1:30:33
,266.02,278.09,146.15,OPC ON,Batt ON,1:30:39
,266.02,278.09,146.15,OPC ON,Batt ON,1:30:45
,266.09,278.09,146.15,OPC ON,Batt ON,1:30:51
,266.09,278.09,146.15,OPC ON,Batt ON,1:30:57
,266.15,278.09,146.15,OPC ON,Batt ON,1:31:03
,266.15,278.15,146.15,OPC ON,Batt ON,1:31:09
,266.21,278.15,146.15,OPC ON,Batt ON,1:31:15
,266.27,278.15,146.15,OPC ON,Batt ON,1:31:21
,266.34,278.15,146.15,OPC ON,Batt ON,1:31:27
,266.34,278.15,146.15,OPC ON,Batt ON,1:31:33
,266.34,278.15,146.15,OPC ON,Batt ON,1:31:39
,266.40,278.15,146.15,OPC ON,Batt ON,1:31:45
,266.40,278.15,146.15,OPC ON,Batt ON,1:31:51
,266.46,278.15,146.15,OPC ON,Batt ON,1:31:57
,266.46,278.15,146.15,OPC ON,Batt ON,1:32:03
,266.52,278.21,146.15,OPC ON,Batt ON,1:32:09
,266.59,278.21,146.15,OPC ON,Batt ON,1:32:15
,266.59,278.15,146.15,OPC ON,Batt ON,1:32:21
,266.65,278.21,146.15,OPC ON,Batt ON,1:32:27
,266.71,278.21,146.15,OPC ON,Batt ON,1:32:33
,266.71,278.21,146.15,OPC ON,Batt ON,1:32:39
,266.71,278.21,146.15,OPC ON,Batt ON,1:32:45
,266.77,278.21,146.15,OPC ON,Batt ON,1:32:51
,266.77,278.21,146.15,OPC ON,Batt ON,1:32:57
,266.84,278.21,146.15,OPC ON,Batt ON,1:33:03
,266.84,278.21,146.15,OPC ON,Batt ON,1:33:09
,266.90,278.21,146.15,OPC ON,Batt ON,1:33:15
,266.96,278.21,146.15,OPC ON,Batt ON,1:33:21
,266.96,278.27,146.15,OPC ON,Batt ON,1:33:27
,267.02,278.27,146.15,OPC ON,Batt ON,1:33:33
,267.09,278.27,146.15,OPC ON,Batt ON,1:33:39
,267.09,278.27,146.15,OPC ON,Batt ON,1:33:45
,267.15,278.27,146.15,OPC ON,Batt ON,1:33:51
,267.15,278.27,146.15,OPC ON,Batt ON,1:33:57
,267.21,278.27,146.15,OPC ON,Batt ON,1:34:03
,267.21,278.34,146.15,OPC ON,Batt ON,1:34:09
,267.27,278.27,146.15,OPC ON,Batt ON,1:34:15
,267.27,278.34,146.15,OPC ON,Batt ON,1:34:21
,267.34,278.27,146.15,OPC ON,Batt ON,1:34:27
,267.34,278.34,146.15,OPC ON,Batt ON,1:34:33
,267.40,278.34,146.15,OPC ON,Batt ON,1:34:39
,267.40,278.34,146.15,OPC ON,Batt ON,1:34:45
,267.46,278.34,146.15,OPC ON,Batt ON,1:34:51
,267.52,278.40,146.15,OPC ON,Batt ON,1:34:57
,267.52,278.34,146.15,OPC ON,Batt ON,1:35:03
,267.59,278.40,146.15,OPC ON,Batt ON,1:35:09
,267.59,278.40,146.15,OPC ON,Batt ON,1:35:15
,267.65,278.40,146.15,OPC ON,Batt ON,1:35:21
,267.65,278.40,146.15,OPC ON,Batt ON,1:35:27
,267.71,278.40,146.15,OPC ON,Batt ON,1:35:33
,267.71,278.40,146.15,OPC ON,Batt ON,1:35:39
,267.77,278.46,146.15,OPC ON,Batt ON,1:35:45
,267.77,278.46,146.15,OPC ON,Batt ON,1:35:51
,267.84,278.46,146.15,OPC ON,Batt ON,1:35:57
,267.90,278.46,146.15,OPC ON,Batt ON,1:36:03
,267.96,278.46,146.15,OPC ON,Batt ON,1:36:09
,267.96,278.46,146.15,OPC ON,Batt ON,1:36:15
,267.96,278.52,146.15,OPC ON,Batt ON,1:36:21
,268.02,278.52,146.15,OPC ON,Batt ON,1:36:27
,268.09,278.46,146.15,OPC ON,Batt ON,1:36:33
,268.09,278.52,146.15,OPC ON,Batt ON,1:36:39
,268.15,278.52,146.15,OPC ON,Batt ON,1:36:45
,268.21,278.59,146.15,OPC ON,Batt ON,1:36:51
,268.21,278.52,146.15,OPC ON,Batt ON,1:36:57
,268.21,278.59,146.15,OPC ON,Batt ON,1:37:03
,268.27,278.59,146.15,OPC ON,Batt ON,1:37:09
,268.34,278.59,146.15,OPC ON,Batt ON,1:37:15
,268.34,278.59,146.15,OPC ON,Batt ON,1:37:21
,268.40,278.59,146.15,OPC ON,Batt ON,1:37:27
,268.40,278.59,146.15,OPC ON,Batt ON,1:37:33
,268.46,278.59,146.15,OPC ON,Batt ON,1:37:39
,268.52,278.59,146.15,OPC ON,Batt ON,1:37:46
,268.52,278.65,146.15,OPC ON,Batt ON,1:37:52
,268.59,278.65,146.15,OPC ON,Batt ON,1:37:58
,268.59,278.65,146.15,OPC ON,Batt ON,1:38:04
,268.65,278.65,146.15,OPC ON,Batt ON,1:38:10
,268.65,278.65,146.15,OPC ON,Batt ON,1:38:16
,268.71,278.71,146.15,OPC ON,Batt ON,1:38:22
,268.71,278.71,146.15,OPC ON,Batt ON,1:38:28
,268.77,278.71,146.15,OPC ON,Batt ON,1:38:34
,268.77,278.71,146.15,OPC ON,Batt ON,1:38:40
,268.84,278.71,146.15,OPC ON,Batt ON,1:38:46
,268.90,278.77,146.15,OPC ON,Batt ON,1:38:52
,268.90,278.77,146.15,OPC ON,Batt ON,1:38:58
,268.90,278.77,146.15,OPC ON,Batt ON,1:39:04
,268.96,278.77,146.15,OPC ON,Batt ON,1:39:10
,268.96,278.77,146.15,OPC ON,Batt ON,1:39:16
,269.02,278.77,146.15,OPC ON,Batt ON,1:39:22
,269.02,278.77,146.15,OPC ON,Batt ON,1:39:28
,269.09,278.84,146.15,OPC ON,Batt ON,1:39:34
,269.09,278.84,146.15,OPC ON,Batt ON,1:39:40
,269.15,278.84,146.15,OPC ON,Batt ON,1:39:46
,269.15,278.84,146.15,OPC ON,Batt ON,1:39:52
,269.21,278.84,146.15,OPC ON,Batt ON,1:39:58
,269.21,278.90,146.15,OPC ON,Batt ON,1:40:04
,269.27,278.90,146.15,OPC ON,Batt ON,1:40:10
,269.27,278.90,146.15,OPC ON,Batt ON,1:40:16
,269.34,278.90,146.15,OPC ON,Batt ON,1:40:22
,269.34,278.90,146.15,OPC ON,Batt ON,1:40:28
,269.40,278.90,146.15,OPC ON,Batt ON,1:40:34
,269.40,278.96,146.15,OPC ON,Batt ON,1:40:40
,269.40,278.96,146.15,OPC ON,Batt ON,1:40:46
,269.46,278.96,146.15,OPC ON,Batt ON,1:40:52
,269.52,278.96,146.15,OPC ON,Batt ON,1:40:58
,269.52,278.96,146.15,OPC ON,Batt ON,1:41:04
,269.59,279.02,146.15,OPC ON,Batt ON,1:41:10
,269.59,279.02,146.15,OPC ON,Batt ON,1:41:16
,269.65,279.02,146.15,OPC ON,Batt ON,1:41:22
,269.65,279.02,146.15,OPC ON,Batt ON,1:41:28
,269.71,279.02,146.15,OPC ON,Batt ON,1:41:34
,269.71,279.09,146.15,OPC ON,Batt ON,1:41:40
,269.77,279.09,146.15,OPC ON,Batt ON,1:41:46
,269.77,279.09,146.15,OPC ON,Batt ON,1:41:52
,269.84,279.09,146.15,OPC ON,Batt ON,1:41:58
,269.84,279.09,146.15,OPC ON,Batt ON,1:42:04
,269.84,279.09,146.15,OPC ON,Batt ON,1:42:10
,269.90,279.15,146.15,OPC ON,Batt ON,1:42:16
,269.96,279.15,146.15,OPC ON,Batt ON,1:42:22
,269.96,279.15,146.15,OPC ON,Batt ON,1:42:28
,269.96,279.21,146.15,OPC ON,Batt ON,1:42:34
,270.02,279.21,146.15,OPC ON,Batt ON,1:42:40
,270.09,279.21,146.15,OPC ON,Batt ON,1:42:46
,270.09,279.21,146.15,OPC ON,Batt ON,1:42:52
,270.09,279.21,146.15,OPC ON,Batt ON,1:42:58
,270.15,279.21,146.15,OPC ON,Batt ON,1:43:04
,270.15,279.27,146.15,OPC ON,Batt ON,1:43:10
,270.21,279.27,146.15,OPC ON,Batt ON,1:43:16
,270.21,279.27,146.15,OPC ON,Batt ON,1:43:22
,270.27,279.34,146.15,OPC ON,Batt ON,1:43:28
,270.27,279.27,146.15,OPC ON,Batt ON,1:43:34
,270.34,279.34,146.15,OPC ON,Batt ON,1:43:40
,270.34,279.34,146.15,OPC ON,Batt ON,1:43:46
,270.40,279.34,146.15,OPC ON,Batt ON,1:43:52
,270.40,279.34,146.15,OPC ON,Batt ON,1:43:58
,270.46,279.34,146.15,OPC ON,Batt ON,1:44:04
,270.46,279.40,146.15,OPC ON,Batt ON,1:44:10
,270.52,279.40,146.15,OPC ON,Batt ON,1:44:16
,270.52,279.40,146.15,OPC ON,Batt ON,1:44:22
,270.59,279.40,146.15,OPC ON,Batt ON,1:44:28
,270.59,279.46,146.15,OPC ON,Batt ON,1:44:34
,270.65,279.46,146.15,OPC ON,Batt ON,1:44:40
,270.65,279.46,146.15,OPC ON,Batt ON,1:44:46
,270.71,279.46,146.15,OPC ON,Batt ON,1:44:52
,270.71,279.52,146.15,OPC ON,Batt ON,1:44:58
,270.77,279.52,146.15,OPC ON,Batt ON,1:45:04
,270.84,279.52,146.15,OPC ON,Batt ON,1:45:10
,270.84,279.52,146.15,OPC ON,Batt ON,1:45:16
,270.90,279.59,146.15,OPC ON,Batt ON,1:45:22
,270.90,279.59,146.15,OPC ON,Batt ON,1:45:28
,270.90,279.59,146.15,OPC ON,Batt ON,1:45:34
,270.96,279.59,146.15,OPC ON,Batt ON,1:45:40
,270.96,279.65,146.15,OPC ON,Batt ON,1:45:46
,271.02,279.59,146.15,OPC ON,Batt ON,1:45:52
,271.09,279.65,146.15,OPC ON,Batt ON,1:45:58
,271.09,279.65,146.15,OPC ON,Batt ON,1:46:04
,271.09,279.65,146.15,OPC ON,Batt ON,1:46:11
,271.15,279.65,146.15,OPC ON,Batt ON,1:46:17
,271.21,279.71,146.15,OPC ON,Batt ON,1:46:23
,271.21,279.71,146.15,OPC ON,Batt ON,1:46:29
,271.27,279.71,146.15,OPC ON,Batt ON,1:46:35
,271.27,279.71,146.15,OPC ON,Batt ON,1:46:41
,271.34,279.77,146.15,OPC ON,Batt ON,1:46:47
,271.34,279.77,146.15,OPC ON,Batt ON,1:46:53
,271.34,279.77,146.15,OPC ON,Batt ON,1:46:59
,271.40,279.77,146.15,OPC ON,Batt ON,1:47:05
,271.46,279.77,146.15,OPC ON,Batt ON,1:47:11
,271.46,279.84,146.15,OPC ON,Batt ON,1:47:17
,271.52,279.84,146.15,OPC ON,Batt ON,1:47:23
,271.52,279.84,146.15,OPC ON,Batt ON,1:47:29
,271.59,279.90,146.15,OPC ON,Batt ON,1:47:35
,271.59,279.90,146.15,OPC ON,Batt ON,1:47:41
,271.65,279.90,146.15,OPC ON,Batt ON,1:47:47
,271.65,279.90,146.15,OPC ON,Batt ON,1:47:53
,271.65,279.96,146.15,OPC ON,Batt ON,1:47:59
,271.71,279.96,146.15,OPC ON,Batt ON,1:48:05
,271.77,279.96,146.15,OPC ON,Batt ON,1:48:11
,271.77,279.96,146.15,OPC ON,Batt ON,1:48:17
,271.77,280.02,146.15,OPC ON,Batt ON,1:48:23
,271.84,280.02,146.15,OPC ON,Batt ON,1:48:29
,271.84,280.02,146.15,OPC ON,Batt ON,1:48:35
,271.90,280.02,146.15,OPC ON,Batt ON,1:48:41
,271.90,280.02,146.15,OPC ON,Batt ON,1:48:47
,271.96,280.09,146.15,OPC ON,Batt ON,1:48:53
,271.96,280.09,146.15,OPC ON,Batt ON,1:48:59
,272.02,280.09,146.15,OPC ON,Batt ON,1:49:05
,272.02,280.09,146.15,OPC ON,Batt ON,1:49:11
,272.09,280.15,146.15,OPC ON,Batt ON,1:49:17
,272.09,280.15,146.15,OPC ON,Batt ON,1:49:23
,272.15,280.15,146.15,OPC ON,Batt ON,1:49:29
,272.15,280.21,146.15,OPC ON,Batt ON,1:49:35
,272.21,280.21,146.15,OPC ON,Batt ON,1:49:41
,272.21,280.15,146.15,OPC ON,Batt ON,1:49:47
,272.21,280.21,146.15,OPC ON,Batt ON,1:49:53
,272.27,280.21,146.15,OPC ON,Batt ON,1:49:59
,272.27,280.27,146.15,OPC ON,Batt ON,1:50:05
,272.34,280.27,146.15,OPC ON,Batt ON,1:50:11
,272.34,280.27,146.15,OPC ON,Batt ON,1:50:17
,272.40,280.27,146.15,OPC ON,Batt ON,1:50:23
,272.40,280.34,146.15,OPC ON,Batt ON,1:50:29
,272.46,280.34,146.15,OPC ON,Batt ON,1:50:35
,272.46,280.40,146.15,OPC ON,Batt ON,1:50:41
,272.52,280.34,146.15,OPC ON,Batt ON,1:50:47
,272.52,280.40,146.15,OPC ON,Batt ON,1:50:53
,272.59,280.46,146.15,OPC ON,Batt ON,1:50:59
,272.59,280.40,146.15,OPC ON,Batt ON,1:51:05
,272.65,280.46,146.15,OPC ON,Batt ON,1:51:11
,272.65,280.46,146.15,OPC ON,Batt ON,1:51:17
,272.71,280.46,146.15,OPC ON,Batt ON,1:51:23
,272.71,280.46,146.15,OPC ON,Batt ON,1:51:29
,272.71,280.52,146.15,OPC ON,Batt ON,1:51:35
,272.77,280.52,146.15,OPC ON,Batt ON,1:51:41
,272.77,280.52,146.15,OPC ON,Batt ON,1:51:47
,272.84,280.52,146.15,OPC ON,Batt ON,1:51:53
,272.90,280.59,146.15,OPC ON,Batt ON,1:51:59
,272.90,280.59,146.15,OPC ON,Batt ON,1:52:05
,272.90,280.59,146.15,OPC ON,Batt ON,1:52:11
,272.96,280.65,146.15,OPC ON,Batt ON,1:52:17
,272.96,280.65,146.15,OPC ON,Batt ON,1:52:23
,273.02,280.65,146.15,OPC ON,Batt ON,1:52:29
,273.02,280.71,146.15,OPC ON,Batt ON,1:52:35
,273.02,280.71,146.15,OPC ON,Batt ON,1:52:41
,273.09,280.71,146.15,OPC ON,Batt ON,1:52:47
,273.09,280.71,146.15,OPC ON,Batt ON,1:52:53
,273.15,280.77,146.15,OPC ON,Batt ON,1:52:59
,273.15,280.77,146.15,OPC ON,Batt ON,1:53:05
,273.21,280.84,146.15,OPC ON,Batt ON,1:53:11
,273.21,280.84,146.15,OPC ON,Batt ON,1:53:17
,273.27,280.84,146.15,OPC ON,Batt ON,1:53:23
,273.27,280.90,146.15,OPC ON,Batt ON,1:53:29
,273.27,280.84,146.15,OPC ON,Batt ON,1:53:35
,273.34,280.90,146.15,OPC ON,Batt ON,1:53:41
,273.34,280.90,146.15,OPC ON,Batt ON,1:53:47
,273.34,280.90,146.15,OPC ON,Batt ON,1:53:53
,273.40,280.96,146.15,OPC ON,Batt ON,1:53:59
,273.40,280.96,146.15,OPC ON,Batt ON,1:54:05
,273.46,280.96,146.15,OPC ON,Batt ON,1:54:11
,273.46,281.02,146.15,OPC ON,Batt ON,1:54:17
,273.52,281.02,146.15,OPC ON,Batt ON,1:54:23
,273.52,281.02,146.15,OPC ON,Batt ON,1:54:29
,273.52,281.09,146.15,OPC ON,Batt ON,1:54:35
,273.59,281.09,146.15,OPC ON,Batt ON,1:54:41
,273.59,281.09,146.15,OPC ON,Batt ON,1:54:47
,273.59,281.09,146.15,OPC ON,Batt ON,1:54:53
,273.65,281.15,146.15,OPC ON,Batt ON,1:54:59
,273.65,281.15,146.15,OPC ON,Batt ON,1:55:05
,273.71,281.15,146.15,OPC ON,Batt ON,1:55:11
,273.71,281.21,146.15,OPC ON,Batt ON,1:55:17
,273.77,281.21,146.15,OPC ON,Batt ON,1:55:23
,273.77,281.21,146.15,OPC ON,Batt ON,1:55:29
,273.84,281.21,146.15,OPC ON,Batt ON,1:55:36
,273.84,281.21,146.15,OPC ON,Batt ON,1:55:42
,273.90,281.27,146.15,OPC ON,Batt ON,1:55:48
,273.90,281.27,146.15,OPC ON,Batt ON,1:55:54
,273.90,281.34,146.15,OPC ON,Batt ON,1:56:00
,273.90,281.34,146.15,OPC ON,Batt ON,1:56:06
,273.96,281.34,146.15,OPC ON,Batt ON,1:56:12
,274.02,281.34,146.15,OPC ON,Batt ON,1:56:18
,274.02,281.40,146.15,OPC ON,Batt ON,1:56:24
,274.02,281.40,146.15,OPC ON,Batt ON,1:56:30
,274.09,281.40,146.15,OPC ON,Batt ON,1:56:36
,274.09,281.46,146.15,OPC ON,Batt ON,1:56:42
,274.15,281.46,146.15,OPC ON,Batt ON,1:56:48
,274.15,281.46,146.15,OPC ON,Batt ON,1:56:54
,274.21,281.52,146.15,OPC ON,Batt ON,1:57:00
,274.21,281.52,146.15,OPC ON,Batt ON,1:57:06
,274.21,281.52,146.15,OPC ON,Batt ON,1:57:12
,274.21,281.59,146.15,OPC ON,Batt ON,1:57:18
,274.27,281.59,146.15,OPC ON,Batt ON,1:57:24
,274.27,281.59,146.15,OPC ON,Batt ON,1:57:30
,274.34,281.59,146.15,OPC ON,Batt ON,1:57:36
,274.34,281.59,146.15,OPC ON,Batt ON,1:57:42
,274.40,281.65,146.15,OPC ON,Batt ON,1:57:48
,274.40,281.65,146.15,OPC ON,Batt ON,1:57:54
,274.46,281.65,146.15,OPC ON,Batt ON,1:58:00
,274.46,281.71,146.15,OPC ON,Batt ON,1:58:06
,274.46,281.71,146.15,OPC ON,Batt ON,1:58:12
,274.52,281.71,146.15,OPC ON,Batt ON,1:58:18
,274.52,281.71,146.15,OPC ON,Batt ON,1:58:24
,274.59,281.77,146.15,OPC ON,Batt ON,1:58:30
,274.59,281.77,146.15,OPC ON,Batt ON,1:58:36
,274.59,281.77,146.15,OPC ON,Batt ON,1:58:42
,274.65,281.77,146.15,OPC ON,Batt ON,1:58:48
,274.65,281.77,146.15,OPC ON,Batt ON,1:58:54
,274.71,281.84,146.15,OPC ON,Batt ON,1:59:00
,274.71,281.90,146.15,OPC ON,Batt ON,1:59:06
,274.71,281.90,146.15,OPC ON,Batt ON,1:59:12
,274.77,281.90,146.15,OPC ON,Batt ON,1:59:18
,274.77,281.90,146.15,OPC ON,Batt ON,1:59:24
,274.84,281.90,146.15,OPC ON,Batt ON,1:59:30
,274.84,281.96,146.15,OPC ON,Batt ON,1:59:36
,274.84,281.96,146.15,OPC ON,Batt ON,1:59:42
,274.90,281.96,146.15,OPC ON,Batt ON,1:59:48
,274.90,281.96,146.15,OPC ON,Batt ON,1:59:54
,274.96,282.02,146.15,OPC ON,Batt ON,2:00:00
,275.02,282.02,146.15,OPC ON,Batt ON,2:00:06
,275.02,282.02,146.15,OPC ON,Batt ON,2:00:12
,275.09,282.02,146.15,OPC ON,Batt ON,2:00:18
,275.09,282.09,146.15,OPC ON,Batt ON,2:00:24
,275.09,282.09,146.15,OPC ON,Batt ON,2:00:30
,275.15,282.09,146.15,OPC ON,Batt ON,2:00:36
,275.21,282.15,146.15,OPC ON,Batt ON,2:00:42
,275.21,282.15,146.15,OPC ON,Batt ON,2:00:48
,275.27,282.15,146.15,OPC ON,Batt ON,2:00:54
,275.21,282.15,146.15,OPC ON,Batt ON,2:01:00
,275.21,282.15,146.15,OPC ON,Batt ON,2:01:06
,275.15,282.21,146.15,OPC ON,Batt ON,2:01:12
,275.15,282.21,146.15,OPC ON,Batt ON,2:01:18
,275.15,282.21,146.15,OPC ON,Batt ON,2:01:24
,275.15,282.27,146.15,OPC ON,Batt ON,2:01:30
,275.15,282.27,146.15,OPC ON,Batt ON,2:01:36
,275.09,282.27,146.15,OPC ON,Batt ON,2:01:42
,275.02,282.27,146.15,OPC ON,Batt ON,2:01:48
,274.96,282.34,146.15,OPC ON,Batt ON,2:01:54
,274.90,282.34,146.15,OPC ON,Batt ON,2:02:00
,274.77,282.34,146.15,OPC ON,Batt ON,2:02:06
,274.77,282.40,146.15,OPC ON,Batt ON,2:02:12
,274.65,282.40,146.15,OPC ON,Batt ON,2:02:18
,274.46,282.40,146.15,OPC ON,Batt ON,2:02:24
,274.34,282.40,146.15,OPC ON,Batt ON,2:02:30
,274.21,282.46,146.15,OPC ON,Batt ON,2:02:36
,274.09,282.40,146.15,OPC ON,Batt ON,2:02:42
,273.96,282.40,146.15,OPC ON,Batt ON,2:02:48
,273.84,282.46,146.15,OPC ON,Batt ON,2:02:54
,273.65,282.46,146.15,OPC ON,Batt ON,2:03:00
,273.46,282.46,146.15,OPC ON,Batt ON,2:03:06
,273.27,282.46,146.15,OPC ON,Batt ON,2:03:12
,273.02,282.52,146.15,OPC ON,Batt ON,2:03:18
,272.77,282.52,146.15,OPC ON,Batt ON,2:03:24
,272.52,282.46,146.15,OPC ON,Batt ON,2:03:30
,272.34,282.52,146.15,OPC ON,Batt ON,2:03:36
,272.02,282.52,146.15,OPC ON,Batt ON,2:03:42
,271.77,282.52,146.15,OPC ON,Batt ON,2:03:48
,271.27,282.52,146.15,OPC ON,Batt ON,2:03:54
,270.90,282.52,146.15,OPC ON,Batt ON,2:04:00
,270.59,282.52,146.15,OPC ON,Batt ON,2:04:06
,270.27,282.52,146.15,OPC ON,Batt ON,2:04:12
,269.90,282.52,146.15,OPC ON,Batt ON,2:04:18
,269.46,282.52,146.15,OPC ON,Batt ON,2:04:24
,269.02,282.52,146.15,OPC ON,Batt ON,2:04:30
,268.65,282.52,146.15,OPC ON,Batt ON,2:04:36
,268.27,282.52,146.15,OPC ON,Batt ON,2:04:42
,267.77,282.46,146.15,OPC ON,Batt ON,2:04:48
,267.21,282.46,146.15,OPC ON,Batt ON,2:04:54
,266.65,282.46,146.15,OPC ON,Batt ON,2:05:00
,266.21,282.46,146.15,OPC ON,Batt ON,2:05:06
,265.65,282.46,146.15,OPC ON,Batt ON,2:05:12
,265.15,282.46,146.15,OPC ON,Batt ON,2:05:18
,264.59,282.46,146.15,OPC ON,Batt ON,2:05:24
,263.90,282.46,146.15,OPC ON,Batt ON,2:05:30
,263.21,282.40,146.15,OPC ON,Batt ON,2:05:36
,262.46,282.34,146.15,OPC ON,Batt ON,2:05:42
,261.71,282.34,146.15,OPC ON,Batt ON,2:05:48
,260.90,282.27,146.15,OPC ON,Batt ON,2:05:54
,260.21,282.27,146.15,OPC ON,Batt ON,2:06:00
,259.52,282.21,146.15,OPC ON,Batt ON,2:06:06
,258.90,282.21,146.15,OPC ON,Batt ON,2:06:12
,258.27,282.21,146.15,OPC ON,Batt ON,2:06:18
,257.71,282.15,146.15,OPC ON,Batt ON,2:06:24
,257.21,282.15,146.15,OPC ON,Batt ON,2:06:30
,256.65,282.09,146.15,OPC ON,Batt ON,2:06:36
,256.09,282.09,146.15,OPC ON,Batt ON,2:06:42
,255.52,282.02,146.15,OPC ON,Batt ON,2:06:48
,255.02,282.02,146.15,OPC ON,Batt ON,2:06:54
,254.52,281.96,146.15,OPC ON,Batt ON,2:07:00
,253.96,281.96,146.15,OPC ON,Batt ON,2:07:06
,253.52,281.90,146.15,OPC ON,Batt ON,2:07:12
,253.02,281.90,146.15,OPC ON,Batt ON,2:07:18
,252.46,281.84,146.15,OPC ON,Batt ON,2:07:24
,251.90,281.84,146.15,OPC ON,Batt ON,2:07:30
,251.27,281.77,146.15,OPC ON,Batt ON,2:07:36
,250.71,281.71,146.15,OPC ON,Batt ON,2:07:42
,250.34,281.65,146.15,OPC ON,Batt ON,2:07:48
,249.96,281.65,146.15,OPC ON,Batt ON,2:07:54
,249.52,281.59,146.15,OPC ON,Batt ON,2:08:00
,249.09,281.52,146.15,OPC ON,Batt ON,2:08:06
,146.15,146.15,146.15,OPC ON,Batt ON,2:08:12
,146.15,146.15,146.15,OPC ON,Batt ON,2:08:19
,146.15,146.15,146.15,OPC ON,Batt ON,2:08:26
,146.15,146.15,146.15,OPC ON,Batt ON,2:08:33
,146.15,146.15,146.15,OPC ON,Batt ON,2:08:41
,146.15,146.15,146.15,OPC ON,Batt ON,2:08:48
,146.15,146.15,146.15,OPC ON,Batt ON,2:08:55
,146.15,146.15,146.15,OPC ON,Batt ON,2:09:02
,146.15,146.15,146.15,OPC ON,Batt ON,2:09:09
,146.15,146.15,146.15,OPC ON,Batt ON,2:09:16
,146.15,146.15,146.15,OPC ON,Batt ON,2:09:23
,146.15,146.15,146.15,OPC ON,Batt ON,2:09:30
,146.15,146.15,146.15,OPC ON,Batt ON,2:09:36
,146.15,146.15,146.15,OPC ON,Batt ON,2:09:43
,146.15,146.15,146.15,OPC ON,Batt ON,2:09:50
,146.15,146.15,146.15,OPC ON,Batt ON,2:09:57
,146.15,146.15,146.15,OPC ON,Batt ON,2:10:05
,146.15,146.15,146.15,OPC ON,Batt ON,2:10:12
,146.15,146.15,146.15,OPC ON,Batt ON,2:10:19
,146.15,146.15,146.15,OPC ON,Batt ON,2:10:26
,146.15,146.15,146.15,OPC ON,Batt ON,2:10:33
,146.15,146.15,146.15,OPC ON,Batt ON,2:10:40
,146.15,146.15,146.15,OPC ON,Batt ON,2:10:48
,146.15,146.15,146.15,OPC ON,Batt ON,2:10:55
,146.15,146.15,146.15,OPC ON,Batt ON,2:11:02
,146.15,146.15,146.15,OPC ON,Batt ON,2:11:09
,146.15,146.15,146.15,OPC ON,Batt ON,2:11:16
,146.15,146.15,146.15,OPC ON,Batt ON,2:11:24
,146.15,146.15,146.15,OPC ON,Batt ON,2:11:31
,146.15,146.15,146.15,OPC ON,Batt ON,2:11:36
,146.15,146.15,146.15,OPC ON,Batt ON,2:11:43
,146.15,146.15,146.15,OPC ON,Batt ON,2:11:50
,146.15,146.15,146.15,OPC ON,Batt ON,2:11:58
,146.15,146.15,146.15,OPC ON,Batt ON,2:12:05
,146.15,146.15,146.15,OPC ON,Batt ON,2:12:12
,146.15,146.15,146.15,OPC ON,Batt ON,2:12:19
,358.15,401.09,146.15,OPC ON,Batt ON,2:12:24
,146.15,146.15,146.15,OPC ON,Batt ON,2:12:30
,358.15,401.09,146.15,OPC ON,Batt ON,2:12:35
,146.15,146.15,146.15,OPC ON,Batt ON,2:12:41
,358.15,401.09,146.15,OPC ON,Batt ON,2:12:46
,146.15,146.15,146.15,OPC ON,Batt ON,2:12:52
,358.15,401.09,146.15,OPC ON,Batt ON,2:12:57
,146.15,146.15,146.15,OPC ON,Batt ON,2:13:03
,358.15,401.09,146.15,OPC ON,Batt ON,2:13:08
,146.15,146.15,146.15,OPC ON,Batt ON,2:13:14
,358.15,401.09,146.15,OPC ON,Batt ON,2:13:19
,146.15,146.15,146.15,OPC ON,Batt ON,2:13:25
,358.15,401.09,146.15,OPC ON,Batt ON,2:13:30
,146.15,146.15,146.15,OPC ON,Batt ON,2:13:36
,358.15,401.09,146.15,OPC ON,Batt ON,2:13:41
,146.15,146.15,146.15,OPC ON,Batt ON,2:13:47
,358.15,401.09,146.15,OPC ON,Batt ON,2:13:52
,146.15,146.15,146.15,OPC ON,Batt ON,2:13:58
,358.15,401.09,146.15,OPC ON,Batt ON,2:14:03
,146.15,146.15,146.15,OPC ON,Batt ON,2:14:09
,358.15,401.09,146.15,OPC ON,Batt ON,2:14:14
,146.15,146.15,146.15,OPC ON,Batt ON,2:14:20
,358.15,401.09,146.15,OPC ON,Batt ON,2:14:25
,146.15,146.15,146.15,OPC ON,Batt ON,2:14:31
,358.15,401.09,146.15,OPC ON,Batt ON,2:14:36
,358.15,401.09,146.15,OPC ON,Batt ON,2:14:41
,146.15,146.15,146.15,OPC ON,Batt ON,2:14:47
,146.15,146.15,146.15,OPC ON,Batt ON,2:14:52
,358.15,401.09,146.15,OPC ON,Batt ON,2:14:57
,146.15,146.15,146.15,OPC ON,Batt ON,2:15:03
,358.15,401.09,146.15,OPC ON,Batt ON,2:15:08
,146.15,146.15,146.15,OPC ON,Batt ON,2:15:14
,358.15,401.09,146.15,OPC ON,Batt ON,2:15:19
,146.15,146.15,146.15,OPC ON,Batt ON,2:15:25
,358.15,401.09,146.15,OPC ON,Batt ON,2:15:30
,146.15,146.15,146.15,OPC ON,Batt ON,2:15:36
,358.15,401.09,146.15,OPC ON,Batt ON,2:15:41
,146.15,146.15,146.15,OPC ON,Batt ON,2:15:47
,358.15,401.09,146.15,OPC ON,Batt ON,2:15:53
,146.15,146.15,146.15,OPC ON,Batt ON,2:15:59
,358.15,401.09,146.15,OPC ON,Batt ON,2:16:04
,146.15,146.15,146.15,OPC ON,Batt ON,2:16:10
,358.15,401.09,146.15,OPC ON,Batt ON,2:16:15
,146.15,146.15,146.15,OPC ON,Batt ON,2:16:21
,358.15,401.09,146.15,OPC ON,Batt ON,2:16:26
,146.15,146.15,146.15,OPC ON,Batt ON,2:16:32
,358.15,401.09,146.15,OPC ON,Batt ON,2:16:37
,146.15,146.15,146.15,OPC ON,Batt ON,2:16:44
,358.15,401.09,146.15,OPC ON,Batt ON,2:16:50
,146.15,146.15,146.15,OPC ON,Batt ON,2:16:56
,358.15,401.09,146.15,OPC ON,Batt ON,2:17:01
,146.15,146.15,146.15,OPC ON,Batt ON,2:17:07
,358.15,401.09,146.15,OPC ON,Batt ON,2:17:12
,146.15,146.15,146.15,OPC ON,Batt ON,2:17:18
,358.15,401.09,146.15,OPC ON,Batt ON,2:17:23
,146.15,146.15,146.15,OPC ON,Batt ON,2:17:29
,358.15,401.09,146.15,OPC ON,Batt ON,2:17:35
,146.15,146.15,146.15,OPC ON,Batt ON,2:17:41
,358.15,401.09,146.15,OPC ON,Batt ON,2:17:46
,146.15,146.15,146.15,OPC ON,Batt ON,2:17:52
,358.15,401.09,146.15,OPC ON,Batt ON,2:17:57
,146.15,146.15,146.15,OPC ON,Batt ON,2:18:03
,358.15,401.09,146.15,OPC ON,Batt ON,2:18:08
,146.15,146.15,146.15,OPC ON,Batt ON,2:18:14
,358.15,401.09,146.15,OPC ON,Batt ON,2:18:20
,146.15,146.15,146.15,OPC ON,Batt ON,2:18:25
,358.15,401.09,146.15,OPC ON,Batt ON,2:18:31
,146.15,146.15,146.15,OPC ON,Batt ON,2:18:37
,358.15,401.09,146.15,OPC ON,Batt ON,2:18:42
,146.15,146.15,146.15,OPC ON,Batt ON,2:18:48
,358.15,401.09,146.15,OPC ON,Batt ON,2:18:53
,146.15,146.15,146.15,OPC ON,Batt ON,2:18:59
,358.15,401.09,146.15,OPC ON,Batt ON,2:19:05
,146.15,146.15,146.15,OPC ON,Batt ON,2:19:11
,358.15,401.09,146.15,OPC ON,Batt ON,2:19:16
,146.15,146.15,146.15,OPC ON,Batt ON,2:19:22
,358.15,401.09,146.15,OPC ON,Batt ON,2:19:27
,146.15,146.15,146.15,OPC ON,Batt ON,2:19:33
,358.15,401.09,146.15,OPC ON,Batt ON,2:19:38
,146.15,146.15,146.15,OPC ON,Batt ON,2:19:44
,358.15,401.09,146.15,OPC ON,Batt ON,2:19:50
,146.15,146.15,146.15,OPC ON,Batt ON,2:19:56
,358.15,401.09,146.15,OPC ON,Batt ON,2:20:01
,146.15,146.15,146.15,OPC ON,Batt ON,2:20:07
,358.15,401.09,146.15,OPC ON,Batt ON,2:20:12
,146.15,146.15,146.15,OPC ON,Batt ON,2:20:18
,358.15,401.09,146.15,OPC ON,Batt ON,2:20:24
,146.15,146.15,146.15,OPC ON,Batt ON,2:20:30
,358.15,401.09,146.15,OPC ON,Batt ON,2:20:35
,146.15,146.15,146.15,OPC ON,Batt ON,2:20:41
,358.15,401.09,146.15,OPC ON,Batt ON,2:20:46
,146.15,146.15,146.15,OPC ON,Batt ON,2:20:52
,358.15,401.09,146.15,OPC ON,Batt ON,2:20:57
,146.15,146.15,146.15,OPC ON,Batt ON,2:21:03
,401.09,358.15,146.15,OPC ON,Batt ON,2:21:10
,401.09,358.15,146.15,OPC ON,Batt ON,2:21:17
,401.09,358.15,146.15,OPC ON,Batt ON,2:21:24
,401.09,358.15,146.15,OPC ON,Batt ON,2:21:31
,401.09,358.15,146.15,OPC ON,Batt ON,2:21:38
,401.09,358.15,146.15,OPC ON,Batt ON,2:21:44
,401.09,358.15,146.15,OPC ON,Batt ON,2:21:51
,401.09,358.15,146.15,OPC ON,Batt ON,2:21:58
,401.09,358.15,146.15,OPC ON,Batt ON,2:22:05
,401.09,358.15,146.15,OPC ON,Batt ON,2:22:12
,401.09,358.15,146.15,OPC ON,Batt ON,2:22:19
,401.09,358.15,146.15,OPC ON,Batt ON,2:22:25
,401.09,358.15,146.15,OPC ON,Batt ON,2:22:32
,401.09,358.15,146.15,OPC ON,Batt ON,2:22:39
,401.09,358.15,146.15,OPC ON,Batt ON,2:22:45
,401.09,358.15,146.15,OPC ON,Batt ON,2:22:52
,401.09,358.15,146.15,OPC ON,Batt ON,2:22:58
,401.09,358.15,146.15,OPC ON,Batt ON,2:23:04
,401.09,358.15,146.15,OPC ON,Batt ON,2:23:10
,401.09,358.15,146.15,OPC ON,Batt ON,2:23:16
,401.09,358.15,146.15,OPC ON,Batt ON,2:23:21
,401.09,358.15,146.15,OPC ON,Batt ON,2:23:27
,401.09,358.15,146.15,OPC ON,Batt ON,2:23:33
,401.09,358.15,146.15,OPC ON,Batt ON,2:23:38
,401.09,358.15,146.15,OPC ON,Batt ON,2:23:44
,401.09,358.15,146.15,OPC ON,Batt ON,2:23:50
,401.09,358.15,146.15,OPC ON,Batt ON,2:23:55
,401.09,358.15,146.15,OPC ON,Batt ON,2:24:00
,401.09,358.15,146.15,OPC ON,Batt ON,2:24:06
,401.09,358.15,146.15,OPC ON,Batt ON,2:24:11
,401.09,358.15,146.15,OPC ON,Batt ON,2:24:16
,401.09,358.15,146.15,OPC ON,Batt ON,2:24:22
,401.09,358.15,146.15,OPC ON,Batt ON,2:24:27
,401.09,358.15,146.15,OPC ON,Batt ON,2:24:32
,401.09,358.15,146.15,OPC ON,Batt ON,2:24:37
,401.09,358.15,146.15,OPC ON,Batt ON,2:24:42
,401.09,358.15,146.15,OPC ON,Batt ON,2:24:47
,401.09,358.15,146.15,OPC ON,Batt ON,2:24:52
,401.09,358.15,146.15,OPC ON,Batt ON,2:24:57
,401.09,358.15,146.15,OPC ON,Batt ON,2:25:04
,401.09,358.15,146.15,OPC ON,Batt ON,2:25:11
,401.09,358.15,146.15,OPC ON,Batt ON,2:25:17
,401.09,358.15,146.15,OPC ON,Batt ON,2:25:24
,401.09,358.15,146.15,OPC ON,Batt ON,2:25:30
,401.09,358.15,146.15,OPC ON,Batt ON,2:25:37
,401.09,358.15,146.15,OPC ON,Batt ON,2:25:43
,401.09,358.15,146.15,OPC ON,Batt ON,2:25:49
,401.09,358.15,146.15,OPC ON,Batt ON,2:25:56
,401.09,358.15,146.15,OPC ON,Batt ON,2:26:02
,401.09,358.15,146.15,OPC ON,Batt ON,2:26:08
,401.09,358.15,146.15,OPC ON,Batt ON,2:26:15
,401.09,358.15,146.15,OPC ON,Batt ON,2:26:21
,401.09,358.15,146.15,OPC ON,Batt ON,2:26:27
,401.09,358.15,146.15,OPC ON,Batt ON,2:26:33
,401.09,358.15,146.15,OPC ON,Batt ON,2:26:40
,401.09,358.15,146.15,OPC ON,Batt ON,2:26:46
,401.09,401.09,146.15,OPC ON,Batt ON,2:26:53
,401.09,401.09,146.15,OPC ON,Batt ON,2:26:59
,401.09,401.09,146.15,OPC ON,Batt ON,2:27:05
,401.09,401.09,146.15,OPC ON,Batt ON,2:27:12
,401.09,401.09,146.15,OPC ON,Batt ON,2:27:18
,401.09,401.09,146.15,OPC ON,Batt ON,2:27:25
,401.09,401.09,146.15,OPC ON,Batt ON,2:27:31
,401.09,401.09,146.15,OPC ON,Batt ON,2:27:38
,401.09,401.09,146.15,OPC ON,Batt ON,2:27:44
,401.09,401.09,146.15,OPC ON,Batt ON,2:27:50
,401.09,401.09,146.15,OPC ON,Batt ON,2:27:57
,401.09,401.09,146.15,OPC ON,Batt ON,2:28:03
,401.09,401.09,146.15,OPC ON,Batt ON,2:28:10
,401.09,401.09,146.15,OPC ON,Batt ON,2:28:16
,401.09,401.09,146.15,OPC ON,Batt ON,2:28:22
,401.09,401.09,146.15,OPC ON,Batt ON,2:28:28
,401.09,401.09,146.15,OPC ON,Batt ON,2:28:34
,401.09,401.09,146.15,OPC ON,Batt ON,2:28:41
,401.09,401.09,146.15,OPC ON,Batt ON,2:28:47
,401.09,401.09,146.15,OPC ON,Batt ON,2:28:53
,401.09,401.09,146.15,OPC ON,Batt ON,2:28:59
,401.09,401.09,146.15,OPC ON,Batt ON,2:29:05
,401.09,401.09,146.15,OPC ON,Batt ON,2:29:11
,401.09,401.09,146.15,OPC ON,Batt ON,2:29:17
,401.09,401.09,146.15,OPC ON,Batt ON,2:29:23
,401.09,401.09,146.15,OPC ON,Batt ON,2:29:29
,401.09,401.09,146.15,OPC ON,Batt ON,2:29:34
,401.09,401.09,146.15,OPC ON,Batt ON,2:29:40
,401.09,401.09,146.15,OPC ON,Batt ON,2:29:46
,401.09,401.09,146.15,OPC ON,Batt ON,2:29:52
,401.09,401.09,146.15,OPC ON,Batt ON,2:29:58
,401.09,401.09,146.15,OPC ON,Batt ON,2:30:03
,401.09,401.09,146.15,OPC ON,Batt ON,2:30:09
,401.09,401.09,146.15,OPC ON,Batt ON,2:30:15
,401.09,401.09,146.15,OPC ON,Batt ON,2:30:20
,401.09,401.09,146.15,OPC ON,Batt ON,2:30:26
,401.09,401.09,146.15,OPC ON,Batt ON,2:30:32
,401.09,401.09,146.15,OPC ON,Batt ON,2:30:37
,401.09,401.09,146.15,OPC ON,Batt ON,2:30:43
,401.09,401.09,146.15,OPC ON,Batt ON,2:30:49
,401.09,401.09,146.15,OPC ON,Batt ON,2:30:54
,401.09,401.09,146.15,OPC ON,Batt ON,2:31:00
,401.09,401.09,146.15,OPC ON,Batt ON,2:31:06
,401.09,401.09,146.15,OPC ON,Batt ON,2:31:11
,401.09,401.09,146.15,OPC ON,Batt ON,2:31:17
,401.09,401.09,146.15,OPC ON,Batt ON,2:31:23
,401.09,401.09,146.15,OPC ON,Batt ON,2:31:29
,401.09,401.09,146.15,OPC ON,Batt ON,2:31:34
,401.09,401.09,146.15,OPC ON,Batt ON,2:31:40
,401.09,401.09,146.15,OPC ON,Batt ON,2:31:45
,401.09,401.09,146.15,OPC ON,Batt ON,2:31:51
,401.09,401.09,146.15,OPC ON,Batt ON,2:31:57
,401.09,401.09,146.15,OPC ON,Batt ON,2:32:02
,401.09,401.09,146.15,OPC ON,Batt ON,2:32:08
,401.09,401.09,146.15,OPC ON,Batt ON,2:32:13
,401.09,401.09,146.15,OPC ON,Batt ON,2:32:19
,401.09,401.09,146.15,OPC ON,Batt ON,2:32:25
,401.09,401.09,146.15,OPC ON,Batt ON,2:32:30
,401.09,401.09,146.15,OPC ON,Batt ON,2:32:36
,401.09,401.09,146.15,OPC ON,Batt ON,2:32:41
,401.09,401.09,146.15,OPC ON,Batt ON,2:32:47
,401.09,401.09,146.15,OPC ON,Batt ON,2:32:52
,401.09,401.09,146.15,OPC ON,Batt ON,2:32:58
,401.09,401.09,146.15,OPC ON,Batt ON,2:33:03
,401.09,401.09,146.15,OPC ON,Batt ON,2:33:09
,401.09,401.09,146.15,OPC ON,Batt ON,2:33:14
,401.09,401.09,146.15,OPC ON,Batt ON,2:33:20
,401.09,401.09,146.15,OPC ON,Batt ON,2:33:25
,401.09,401.09,146.15,OPC ON,Batt ON,2:33:31
,401.09,401.09,146.15,OPC ON,Batt ON,2:33:36
,401.09,401.09,146.15,OPC ON,Batt ON,2:33:42
,401.09,401.09,146.15,OPC ON,Batt ON,2:33:47
,401.09,401.09,146.15,OPC ON,Batt ON,2:33:53
,401.09,401.09,146.15,OPC ON,Batt ON,2:33:58
,401.09,401.09,146.15,OPC ON,Batt ON,2:34:04
,401.09,401.09,146.15,OPC ON,Batt ON,2:34:09
,401.09,401.09,146.15,OPC ON,Batt ON,2:34:14
,401.09,401.09,146.15,OPC ON,Batt ON,2:34:20
,401.09,401.09,146.15,OPC ON,Batt ON,2:34:25
,401.09,401.09,146.15,OPC ON,Batt ON,2:34:30
,401.09,401.09,146.15,OPC ON,Batt ON,2:34:36
,401.09,401.09,146.15,OPC ON,Batt ON,2:34:41
,401.09,401.09,146.15,OPC ON,Batt ON,2:34:47
,401.09,401.09,146.15,OPC ON,Batt ON,2:34:52
,401.09,401.09,146.15,OPC ON,Batt ON,2:34:57
,401.09,401.09,146.15,OPC ON,Batt ON,2:35:03
,401.09,401.09,146.15,OPC ON,Batt ON,2:35:08
,401.09,401.09,146.15,OPC ON,Batt ON,2:35:13
,401.09,401.09,146.15,OPC ON,Batt ON,2:35:18
,401.09,401.09,146.15,OPC ON,Batt ON,2:35:24
,401.09,401.09,146.15,OPC ON,Batt ON,2:35:29
,401.09,401.09,146.15,OPC ON,Batt ON,2:35:34
,401.09,401.09,146.15,OPC ON,Batt ON,2:35:39
,401.09,401.09,146.15,OPC ON,Batt ON,2:35:45
,401.09,401.09,146.15,OPC ON,Batt ON,2:35:50
,401.09,401.09,146.15,OPC ON,Batt ON,2:35:55
,401.09,401.09,146.15,OPC ON,Batt ON,2:36:00
,401.09,401.09,146.15,OPC ON,Batt ON,2:36:05
,401.09,401.09,146.15,OPC ON,Batt ON,2:36:10
,401.09,401.09,146.15,OPC ON,Batt ON,2:36:16
,401.09,401.09,146.15,OPC ON,Batt ON,2:36:21
,401.09,401.09,146.15,OPC ON,Batt ON,2:36:26
,401.09,401.09,146.15,OPC ON,Batt ON,2:36:31
,401.09,401.09,146.15,OPC ON,Batt ON,2:36:36
,401.09,401.09,146.15,OPC ON,Batt ON,2:36:41
,401.09,401.09,146.15,OPC ON,Batt ON,2:36:46
,401.09,401.09,146.15,OPC ON,Batt ON,2:36:52
,401.09,401.09,146.15,OPC ON,Batt ON,2:36:57
,401.09,401.09,146.15,OPC ON,Batt ON,2:37:02
,401.09,401.09,146.15,OPC ON,Batt ON,2:37:07
,401.09,401.09,146.15,OPC ON,Batt ON,2:37:12
,401.09,401.09,146.15,OPC ON,Batt ON,2:37:17
,401.09,401.09,146.15,OPC ON,Batt ON,2:37:22
,401.09,401.09,146.15,OPC ON,Batt ON,2:37:27
,401.09,401.09,146.15,OPC ON,Batt ON,2:37:32
,401.09,401.09,146.15,OPC ON,Batt ON,2:37:37
,401.09,401.09,146.15,OPC ON,Batt ON,2:37:42
,401.09,401.09,146.15,OPC ON,Batt ON,2:37:48
,401.09,401.09,146.15,OPC ON,Batt ON,2:37:53
,401.09,401.09,146.15,OPC ON,Batt ON,2:37:58
,401.09,401.09,146.15,OPC ON,Batt ON,2:38:03
,401.09,401.09,146.15,OPC ON,Batt ON,2:38:08
,401.09,401.09,146.15,OPC ON,Batt ON,2:38:13
,401.09,401.09,146.15,OPC ON,Batt ON,2:38:18
,401.09,401.09,146.15,OPC ON,Batt ON,2:38:23
,401.09,401.09,146.15,OPC ON,Batt ON,2:38:28
,401.09,401.09,146.15,OPC ON,Batt ON,2:38:35
,401.09,401.09,146.15,OPC ON,Batt ON,2:38:41
,401.09,401.09,146.15,OPC ON,Batt ON,2:38:48
,401.09,401.09,146.15,OPC ON,Batt ON,2:38:54
,401.09,401.09,146.15,OPC ON,Batt ON,2:39:01
,401.09,401.09,146.15,OPC ON,Batt ON,2:39:08
,401.09,401.09,146.15,OPC ON,Batt ON,2:39:14
,401.09,401.09,146.15,OPC ON,Batt ON,2:39:21
,401.09,401.09,146.15,OPC ON,Batt ON,2:39:28
,401.09,401.09,146.15,OPC ON,Batt ON,2:39:35
,401.09,401.09,146.15,OPC ON,Batt ON,2:39:41
,401.09,401.09,146.15,OPC ON,Batt ON,2:39:48
,401.09,401.09,146.15,OPC ON,Batt ON,2:39:54
,401.09,401.09,146.15,OPC ON,Batt ON,2:40:01
,401.09,401.09,146.15,OPC ON,Batt ON,2:40:07
,401.09,401.09,146.15,OPC ON,Batt ON,2:40:14
,401.09,401.09,146.15,OPC ON,Batt ON,2:40:21
,401.09,401.09,146.15,OPC ON,Batt ON,2:40:27
,401.09,401.09,146.15,OPC ON,Batt ON,2:40:34
,401.09,401.09,146.15,OPC ON,Batt ON,2:40:40
,401.09,401.09,146.15,OPC ON,Batt ON,2:40:47
,401.09,401.09,146.15,OPC ON,Batt ON,2:40:53
,401.09,401.09,146.15,OPC ON,Batt ON,2:41:00
,401.09,401.09,146.15,OPC ON,Batt ON,2:41:06
,401.09,401.09,146.15,OPC ON,Batt ON,2:41:13
,401.09,401.09,146.15,OPC ON,Batt ON,2:41:19
,401.09,401.09,146.15,OPC ON,Batt ON,2:41:26
,401.09,401.09,146.15,OPC ON,Batt ON,2:41:32
,401.09,401.09,146.15,OPC ON,Batt ON,2:41:39
,401.09,401.09,146.15,OPC ON,Batt ON,2:41:45
,401.09,401.09,146.15,OPC ON,Batt ON,2:41:52
,401.09,401.09,146.15,OPC ON,Batt ON,2:41:58
,401.09,401.09,146.15,OPC ON,Batt ON,2:42:05
,401.09,401.09,146.15,OPC ON,Batt ON,2:42:11
,401.09,401.09,146.15,OPC ON,Batt ON,2:42:18
,401.09,401.09,146.15,OPC ON,Batt ON,2:42:24
,401.09,401.09,146.15,OPC ON,Batt ON,2:42:31
,401.09,401.09,146.15,OPC ON,Batt ON,2:42:37
,401.09,401.09,146.15,OPC ON,Batt ON,2:42:44
,401.09,401.09,146.15,OPC ON,Batt ON,2:42:50
,401.09,401.09,146.15,OPC ON,Batt ON,2:42:56
,401.09,401.09,146.15,OPC ON,Batt ON,2:43:03
,401.09,401.09,146.15,OPC ON,Batt ON,2:43:09
,401.09,401.09,146.15,OPC ON,Batt ON,2:43:16
,401.09,401.09,146.15,OPC ON,Batt ON,2:43:22
,401.09,401.09,146.15,OPC ON,Batt ON,2:43:28
,401.09,401.09,146.15,OPC ON,Batt ON,2:43:35
,401.09,401.09,146.15,OPC ON,Batt ON,2:43:41
,401.09,401.09,146.15,OPC ON,Batt ON,2:43:48
,401.09,401.09,146.15,OPC ON,Batt ON,2:43:54
,401.09,401.09,146.15,OPC ON,Batt ON,2:44:00
,401.09,401.09,146.15,OPC ON,Batt ON,2:44:07
,401.09,401.09,146.15,OPC ON,Batt ON,2:44:13
,401.09,401.09,146.15,OPC ON,Batt ON,2:44:19
,401.09,401.09,146.15,OPC ON,Batt ON,2:44:26
,401.09,401.09,146.15,OPC ON,Batt ON,2:44:32
,401.09,401.09,146.15,OPC ON,Batt ON,2:44:38
,401.09,401.09,146.15,OPC ON,Batt ON,2:44:45
,401.09,401.09,146.15,OPC ON,Batt ON,2:44:51
,401.09,401.09,146.15,OPC ON,Batt ON,2:44:57
,401.09,401.09,146.15,OPC ON,Batt ON,2:45:04
,401.09,401.09,146.15,OPC ON,Batt ON,2:45:10
,401.09,401.09,146.15,OPC ON,Batt ON,2:45:16
,401.09,401.09,146.15,OPC ON,Batt ON,2:45:23
,401.09,401.09,146.15,OPC ON,Batt ON,2:45:29
,401.09,401.09,146.15,OPC ON,Batt ON,2:45:35
,401.09,401.09,146.15,OPC ON,Batt ON,2:45:42
,401.09,401.09,146.15,OPC ON,Batt ON,2:45:48
,401.09,401.09,146.15,OPC ON,Batt ON,2:45:54
,401.09,401.09,146.15,OPC ON,Batt ON,2:46:01
,401.09,401.09,146.15,OPC ON,Batt ON,2:46:07
,401.09,401.09,146.15,OPC ON,Batt ON,2:46:13
,401.09,401.09,146.15,OPC ON,Batt ON,2:46:19
,401.09,401.09,146.15,OPC ON,Batt ON,2:46:26
,401.09,401.09,146.15,OPC ON,Batt ON,2:46:32
,401.09,401.09,146.15,OPC ON,Batt ON,2:46:38
,401.09,401.09,146.15,OPC ON,Batt ON,2:46:45
,401.09,401.09,146.15,OPC ON,Batt ON,2:46:51
,401.09,401.09,146.15,OPC ON,Batt ON,2:46:57
,401.09,401.09,146.15,OPC ON,Batt ON,2:47:03
,401.09,401.09,146.15,OPC ON,Batt ON,2:47:10
,401.09,401.09,146.15,OPC ON,Batt ON,2:47:16
,401.09,401.09,146.15,OPC ON,Batt ON,2:47:22
,401.09,401.09,146.15,OPC ON,Batt ON,2:47:28
,401.09,401.09,146.15,OPC ON,Batt ON,2:47:35
,401.09,401.09,146.15,OPC ON,Batt ON,2:47:41
,401.09,401.09,146.15,OPC ON,Batt ON,2:47:47
,401.09,401.09,146.15,OPC ON,Batt ON,2:47:53
,401.09,401.09,146.15,OPC ON,Batt ON,2:48:00
,401.09,401.09,146.15,OPC ON,Batt ON,2:48:06
,401.09,401.09,146.15,OPC ON,Batt ON,2:48:12
,401.09,401.09,146.15,OPC ON,Batt ON,2:48:18
,401.09,401.09,146.15,OPC ON,Batt ON,2:48:25
,401.09,401.09,146.15,OPC ON,Batt ON,2:48:31
,401.09,401.09,146.15,OPC ON,Batt ON,2:48:37
,401.09,401.09,146.15,OPC ON,Batt ON,2:48:43
,401.09,401.09,146.15,OPC ON,Batt ON,2:48:49
,401.09,401.09,146.15,OPC ON,Batt ON,2:48:56
,401.09,401.09,146.15,OPC ON,Batt ON,2:49:02
,401.09,401.09,146.15,OPC ON,Batt ON,2:49:08
,401.09,401.09,146.15,OPC ON,Batt ON,2:49:14
,401.09,401.09,146.15,OPC ON,Batt ON,2:49:21
,401.09,401.09,146.15,OPC ON,Batt ON,2:49:27
,401.09,401.09,146.15,OPC ON,Batt ON,2:49:33
,401.09,401.09,146.15,OPC ON,Batt ON,2:49:39
,401.09,401.09,146.15,OPC ON,Batt ON,2:49:45
,401.09,401.09,146.15,OPC ON,Batt ON,2:49:51
,401.09,401.09,146.15,OPC ON,Batt ON,2:49:58
,401.09,401.09,146.15,OPC ON,Batt ON,2:50:04
,401.09,401.09,146.15,OPC ON,Batt ON,2:50:10
,401.09,401.09,146.15,OPC ON,Batt ON,2:50:16
,401.09,401.09,146.15,OPC ON,Batt ON,2:50:22
,401.09,401.09,146.15,OPC ON,Batt ON,2:50:28
,401.09,401.09,146.15,OPC ON,Batt ON,2:50:34
,401.09,401.09,146.15,OPC ON,Batt ON,2:50:41
,401.09,401.09,146.15,OPC ON,Batt ON,2:50:47
,401.09,401.09,146.15,OPC ON,Batt ON,2:50:53
,401.09,401.09,146.15,OPC ON,Batt ON,2:50:59
,401.09,401.09,146.15,OPC ON,Batt ON,2:51:05
,401.09,401.09,146.15,OPC ON,Batt ON,2:51:11
,401.09,401.09,146.15,OPC ON,Batt ON,2:51:17
,401.09,401.09,146.15,OPC ON,Batt ON,2:51:23
,401.09,401.09,146.15,OPC ON,Batt ON,2:51:29
,401.09,401.09,146.15,OPC ON,Batt ON,2:51:36
,401.09,401.09,146.15,OPC ON,Batt ON,2:51:42
,401.09,401.09,146.15,OPC ON,Batt ON,2:51:48
,401.09,401.09,146.15,OPC ON,Batt ON,2:51:54
,401.09,401.09,146.15,OPC ON,Batt ON,2:52:00
,401.09,401.09,146.15,OPC ON,Batt ON,2:52:06
,401.09,401.09,146.15,OPC ON,Batt ON,2:52:12
,401.09,401.09,146.15,OPC ON,Batt ON,2:52:18
,401.09,401.09,146.15,OPC ON,Batt ON,2:52:24
,401.09,401.09,146.15,OPC ON,Batt ON,2:52:30
,401.09,401.09,146.15,OPC ON,Batt ON,2:52:36
,401.09,401.09,146.15,OPC ON,Batt ON,2:52:42
,401.09,401.09,146.15,OPC ON,Batt ON,2:52:48
,401.09,401.09,146.15,OPC ON,Batt ON,2:52:55
,401.09,401.09,146.15,OPC ON,Batt ON,2:53:01
,401.09,401.09,146.15,OPC ON,Batt ON,2:53:07
,401.09,401.09,146.15,OPC ON,Batt ON,2:53:13
,401.09,401.09,146.15,OPC ON,Batt ON,2:53:19
,401.09,401.09,146.15,OPC ON,Batt ON,2:53:25
,401.09,401.09,146.15,OPC ON,Batt ON,2:53:31
,401.09,401.09,146.15,OPC ON,Batt ON,2:53:37
,401.09,401.09,146.15,OPC ON,Batt ON,2:53:43
,401.09,401.09,146.15,OPC ON,Batt ON,2:53:49
,401.09,401.09,146.15,OPC ON,Batt ON,2:53:55
,401.09,401.09,146.15,OPC ON,Batt ON,2:54:01
,401.09,401.09,146.15,OPC ON,Batt ON,2:54:07
,401.09,401.09,146.15,OPC ON,Batt ON,2:54:13
,401.09,401.09,146.15,OPC ON,Batt ON,2:54:19
,401.09,401.09,146.15,OPC ON,Batt ON,2:54:25
,401.09,401.09,146.15,OPC ON,Batt ON,2:54:31
,401.09,401.09,146.15,OPC ON,Batt ON,2:54:37
,401.09,401.09,146.15,OPC ON,Batt ON,2:54:43
,401.09,401.09,146.15,OPC ON,Batt ON,2:54:49
,401.09,401.09,146.15,OPC ON,Batt ON,2:54:56
,401.09,401.09,146.15,OPC ON,Batt ON,2:55:02
,401.09,401.09,146.15,OPC ON,Batt ON,2:55:08
,401.09,401.09,146.15,OPC ON,Batt ON,2:55:14
,401.09,401.09,146.15,OPC ON,Batt ON,2:55:20
,401.09,401.09,146.15,OPC ON,Batt ON,2:55:26
,401.09,401.09,146.15,OPC ON,Batt ON,2:55:32
,401.09,401.09,146.15,OPC ON,Batt ON,2:55:38
,401.09,401.09,146.15,OPC ON,Batt ON,2:55:44
,401.09,401.09,146.15,OPC ON,Batt ON,2:55:50
,401.09,401.09,146.15,OPC ON,Batt ON,2:55:56
,401.09,401.09,146.15,OPC ON,Batt ON,2:56:02
,401.09,401.09,146.15,OPC ON,Batt ON,2:56:08
,401.09,401.09,146.15,OPC ON,Batt ON,2:56:14
,401.09,401.09,146.15,OPC ON,Batt ON,2:56:20
,401.09,401.09,146.15,OPC ON,Batt ON,2:56:26
,401.09,401.09,146.15,OPC ON,Batt ON,2:56:32
,401.09,401.09,146.15,OPC ON,Batt ON,2:56:38
,401.09,401.09,146.15,OPC ON,Batt ON,2:56:44
,401.09,401.09,146.15,OPC ON,Batt ON,2:56:50
,401.09,401.09,146.15,OPC ON,Batt ON,2:56:56
,401.09,401.09,146.15,OPC ON,Batt ON,2:57:02
,401.09,401.09,146.15,OPC ON,Batt ON,2:57:08
,401.09,401.09,146.15,OPC ON,Batt ON,2:57:14
,401.09,401.09,146.15,OPC ON,Batt ON,2:57:20
,401.09,401.09,146.15,OPC ON,Batt ON,2:57:26
,401.09,401.09,146.15,OPC ON,Batt ON,2:57:32
,401.09,401.09,146.15,OPC ON,Batt ON,2:57:38
,401.09,401.09,146.15,OPC ON,Batt ON,2:57:44
,401.09,401.09,146.15,OPC ON,Batt ON,2:57:50
,401.09,401.09,146.15,OPC ON,Batt ON,2:57:56
,401.09,401.09,146.15,OPC ON,Batt ON,2:58:02
,401.09,401.09,146.15,OPC ON,Batt ON,2:58:08
,401.09,401.09,146.15,OPC ON,Batt ON,2:58:14
,401.09,401.09,146.15,OPC ON,Batt ON,2:58:20
,401.09,401.09,146.15,OPC ON,Batt ON,2:58:26
,401.09,401.09,146.15,OPC ON,Batt ON,2:58:32
,401.09,401.09,146.15,OPC ON,Batt ON,2:58:38
,401.09,401.09,146.15,OPC ON,Batt ON,2:58:44
,401.09,401.09,146.15,OPC ON,Batt ON,2:58:50
,401.09,401.09,146.15,OPC ON,Batt ON,2:58:56
,401.09,401.09,146.15,OPC ON,Batt ON,2:59:02
,401.09,401.09,146.15,OPC ON,Batt ON,2:59:08
,401.09,401.09,146.15,OPC ON,Batt ON,2:59:14
,401.09,401.09,146.15,OPC ON,Batt ON,2:59:20
,401.09,401.09,146.15,OPC ON,Batt ON,2:59:26
,401.09,401.09,146.15,OPC ON,Batt ON,2:59:32
,401.09,401.09,146.15,OPC ON,Batt ON,2:59:38
,401.09,401.09,146.15,OPC ON,Batt ON,2:59:44
,401.09,401.09,146.15,OPC ON,Batt ON,2:59:50
,401.09,401.09,146.15,OPC ON,Batt ON,2:59:56
,401.09,401.09,146.15,OPC ON,Batt ON,3:00:02
,401.09,401.09,146.15,OPC ON,Batt ON,3:00:08
,401.09,401.09,146.15,OPC ON,Batt ON,3:00:14
,401.09,401.09,146.15,OPC ON,Batt ON,3:00:20
,401.09,401.09,146.15,OPC ON,Batt ON,3:00:26
,401.09,401.09,146.15,OPC ON,Batt ON,3:00:32
,401.09,401.09,146.15,OPC ON,Batt ON,3:00:37
,401.09,401.09,146.15,OPC ON,Batt ON,3:00:43
,401.09,401.09,146.15,OPC ON,Batt ON,3:00:49
,401.09,401.09,146.15,OPC ON,Batt ON,3:00:55
,401.09,401.09,146.15,OPC ON,Batt ON,3:01:01
,401.09,401.09,146.15,OPC ON,Batt ON,3:01:07
,401.09,401.09,146.15,OPC ON,Batt ON,3:01:13
,401.09,401.09,146.15,OPC ON,Batt ON,3:01:19
,401.09,401.09,146.15,OPC ON,Batt ON,3:01:25
,401.09,401.09,146.15,OPC ON,Batt ON,3:01:31
,401.09,401.09,146.15,OPC ON,Batt ON,3:01:37
,401.09,401.09,146.15,OPC ON,Batt ON,3:01:43
,401.09,401.09,146.15,OPC ON,Batt ON,3:01:49
,401.09,401.09,146.15,OPC ON,Batt ON,3:01:55
,401.09,401.09,146.15,OPC ON,Batt ON,3:02:01
,401.09,401.09,146.15,OPC ON,Batt ON,3:02:07
,401.09,401.09,146.15,OPC ON,Batt ON,3:02:13
,401.09,401.09,146.15,OPC ON,Batt ON,3:02:19
,401.09,401.09,146.15,OPC ON,Batt ON,3:02:25
,401.09,401.09,146.15,OPC ON,Batt ON,3:02:30
,401.09,401.09,146.15,OPC ON,Batt ON,3:02:36
,401.09,401.09,146.15,OPC ON,Batt ON,3:02:42
,401.09,401.09,146.15,OPC ON,Batt ON,3:02:48
,401.09,401.09,146.15,OPC ON,Batt ON,3:02:54
,401.09,401.09,146.15,OPC ON,Batt ON,3:03:00
,401.09,401.09,146.15,OPC ON,Batt ON,3:03:06
,401.09,401.09,146.15,OPC ON,Batt ON,3:03:12
,401.09,401.09,146.15,OPC ON,Batt ON,3:03:18
,401.09,401.09,146.15,OPC ON,Batt ON,3:03:24
,401.09,401.09,146.15,OPC ON,Batt ON,3:03:30
,401.09,401.09,146.15,OPC ON,Batt ON,3:03:36
,401.09,401.09,146.15,OPC ON,Batt ON,3:03:42
,401.09,401.09,146.15,OPC ON,Batt ON,3:03:48
,401.09,401.09,146.15,OPC ON,Batt ON,3:03:53
,401.09,401.09,146.15,OPC ON,Batt ON,3:03:59
,401.09,401.09,146.15,OPC ON,Batt ON,3:04:05
,401.09,401.09,146.15,OPC ON,Batt ON,3:04:11
,401.09,401.09,146.15,OPC ON,Batt ON,3:04:17
,401.09,401.09,146.15,OPC ON,Batt ON,3:04:23
,401.09,401.09,146.15,OPC ON,Batt ON,3:04:29
,401.09,401.09,146.15,OPC ON,Batt ON,3:04:35
,401.09,401.09,146.15,OPC ON,Batt ON,3:04:41
,401.09,401.09,146.15,OPC ON,Batt ON,3:04:47
,401.09,401.09,146.15,OPC ON,Batt ON,3:04:53
,401.09,401.09,146.15,OPC ON,Batt ON,3:04:58
,401.09,401.09,146.15,OPC ON,Batt ON,3:05:04
,401.09,401.09,146.15,OPC ON,Batt ON,3:05:10
,401.09,401.09,146.15,OPC ON,Batt ON,3:05:16
,401.09,401.09,146.15,OPC ON,Batt ON,3:05:22
,401.09,401.09,146.15,OPC ON,Batt ON,3:05:28
,401.09,401.09,146.15,OPC ON,Batt ON,3:05:34
,401.09,401.09,146.15,OPC ON,Batt ON,3:05:40
,401.09,401.09,146.15,OPC ON,Batt ON,3:05:46
,401.09,401.09,146.15,OPC ON,Batt ON,3:05:51
,401.09,401.09,146.15,OPC ON,Batt ON,3:05:57
,401.09,401.09,146.15,OPC ON,Batt ON,3:06:03
,401.09,401.09,146.15,OPC ON,Batt ON,3:06:09
,401.09,401.09,146.15,OPC ON,Batt ON,3:06:15
,401.09,401.09,146.15,OPC ON,Batt ON,3:06:21
,401.09,401.09,146.15,OPC ON,Batt ON,3:06:27
,401.09,401.09,146.15,OPC ON,Batt ON,3:06:33
,401.09,401.09,146.15,OPC ON,Batt ON,3:06:39
,401.09,401.09,146.15,OPC ON,Batt ON,3:06:45
,401.09,401.09,146.15,OPC ON,Batt ON,3:06:51
,401.09,401.09,146.15,OPC ON,Batt ON,3:06:56
,401.09,401.09,146.15,OPC ON,Batt ON,3:07:02
,401.09,401.09,146.15,OPC ON,Batt ON,3:07:08
,401.09,401.09,146.15,OPC ON,Batt ON,3:07:14
,401.09,401.09,146.15,OPC ON,Batt ON,3:07:20
,401.09,401.09,146.15,OPC ON,Batt ON,3:07:26
,401.09,401.09,146.15,OPC ON,Batt ON,3:07:32
,401.09,401.09,146.15,OPC ON,Batt ON,3:07:38
,401.09,401.09,146.15,OPC ON,Batt ON,3:07:43
,401.09,401.09,146.15,OPC ON,Batt ON,3:07:49
,401.09,401.09,146.15,OPC ON,Batt ON,3:07:55
,401.09,401.09,146.15,OPC ON,Batt ON,3:08:01
,401.09,401.09,146.15,OPC ON,Batt ON,3:08:07
,401.09,401.09,146.15,OPC ON,Batt ON,3:08:13
,401.09,401.09,146.15,OPC ON,Batt ON,3:08:19
,401.09,401.09,146.15,OPC ON,Batt ON,3:08:25
,401.09,401.09,146.15,OPC ON,Batt ON,3:08:30
,401.09,401.09,146.15,OPC ON,Batt ON,3:08:36
,401.09,401.09,146.15,OPC ON,Batt ON,3:08:42
,401.09,401.09,146.15,OPC ON,Batt ON,5:35:18
,358.15,358.15,146.15,OPC ON,Batt ON,5:38:00
,358.15,358.15,146.15,OPC ON,Batt ON,5:38:06
,358.15,358.15,146.15,OPC ON,Batt ON,5:38:12
,358.15,358.15,146.15,OPC ON,Batt ON,5:38:18
,358.15,358.15,146.15,OPC ON,Batt ON,5:38:24
,358.15,358.15,146.15,OPC ON,Batt ON,5:38:31
,358.15,358.15,146.15,OPC ON,Batt ON,5:38:37
,358.15,358.15,146.15,OPC ON,Batt ON,5:38:43
,358.15,358.15,146.15,OPC ON,Batt ON,5:38:49
,358.15,358.15,146.15,OPC ON,Batt ON,5:38:55
,358.15,358.15,146.15,OPC ON,Batt ON,5:39:01
,358.15,358.15,146.15,OPC ON,Batt ON,5:39:07
,358.15,358.15,146.15,OPC ON,Batt ON,5:39:13
,358.15,358.15,146.15,OPC ON,Batt ON,5:39:19
,358.15,358.15,146.15,OPC ON,Batt ON,5:39:25
,358.15,358.15,146.15,OPC ON,Batt ON,5:39:32
,358.15,358.15,146.15,OPC ON,Batt ON,5:39:38
,358.15,358.15,146.15,OPC ON,Batt ON,5:39:44
,358.15,358.15,146.15,OPC ON,Batt ON,5:39:50
,358.15,358.15,146.15,OPC ON,Batt ON,5:39:56
,358.15,358.15,146.15,OPC ON,Batt ON,5:40:02
,358.15,358.15,146.15,OPC ON,Batt ON,5:40:09
,358.15,358.15,146.15,OPC ON,Batt ON,5:40:15
,358.15,358.15,146.15,OPC ON,Batt ON,5:40:21
,358.15,358.15,146.15,OPC ON,Batt ON,5:40:27
,358.15,358.15,146.15,OPC ON,Batt ON,5:40:33
,358.15,401.09,146.15,OPC ON,Batt ON,5:40:38
,358.15,401.09,146.15,OPC ON,Batt ON,5:40:44
,358.15,401.09,146.15,OPC ON,Batt ON,5:40:49
,358.15,358.15,146.15,OPC ON,Batt ON,5:40:55
,358.15,358.15,146.15,OPC ON,Batt ON,5:41:01
,358.15,401.09,146.15,OPC ON,Batt ON,5:41:07
,358.15,401.09,146.15,OPC ON,Batt ON,5:41:12
,358.15,358.15,146.15,OPC ON,Batt ON,5:41:18
,358.15,401.09,146.15,OPC ON,Batt ON,5:41:24
,358.15,358.15,146.15,OPC ON,Batt ON,5:41:30
,358.15,358.15,146.15,OPC ON,Batt ON,5:41:35
,358.15,358.15,146.15,OPC ON,Batt ON,5:41:40
,358.15,358.15,146.15,OPC ON,Batt ON,5:41:47
,358.15,358.15,146.15,OPC ON,Batt ON,5:41:52
,358.15,401.09,146.15,OPC ON,Batt ON,5:41:59
,358.15,358.15,146.15,OPC ON,Batt ON,5:42:04
,358.15,401.09,146.15,OPC ON,Batt ON,5:42:10
,358.15,358.15,146.15,OPC ON,Batt ON,5:42:15
,358.15,358.15,146.15,OPC ON,Batt ON,5:42:21
,358.15,358.15,146.15,OPC ON,Batt ON,5:42:26
,358.15,358.15,146.15,OPC ON,Batt ON,5:42:32
,358.15,401.09,146.15,OPC ON,Batt ON,5:42:38
,358.15,358.15,146.15,OPC ON,Batt ON,5:42:43
,358.15,358.15,146.15,OPC ON,Batt ON,5:42:49
,358.15,358.15,146.15,OPC ON,Batt ON,5:42:54
,358.15,358.15,146.15,OPC ON,Batt ON,5:43:00
,358.15,358.15,146.15,OPC ON,Batt ON,5:43:05
,358.15,358.15,146.15,OPC ON,Batt ON,5:43:10
,358.15,358.15,146.15,OPC ON,Batt ON,5:43:16
,358.15,358.15,146.15,OPC ON,Batt ON,5:43:21
,358.15,358.15,146.15,OPC ON,Batt ON,5:43:27
,358.15,358.15,146.15,OPC ON,Batt ON,5:43:32
,358.15,358.15,146.15,OPC ON,Batt ON,5:43:38
,358.15,358.15,146.15,OPC ON,Batt ON,5:43:43
,358.15,358.15,146.15,OPC ON,Batt ON,5:43:48
,358.15,358.15,146.15,OPC ON,Batt ON,5:43:54
,358.15,358.15,146.15,OPC ON,Batt ON,5:43:59
,358.15,358.15,146.15,OPC ON,Batt ON,5:44:05
,358.15,358.15,146.15,OPC ON,Batt ON,5:44:10
,358.15,358.15,146.15,OPC ON,Batt ON,5:44:16
,358.15,358.15,146.15,OPC ON,Batt ON,5:44:21
,358.15,358.15,146.15,OPC ON,Batt ON,5:44:27
,358.15,358.15,146.15,OPC ON,Batt ON,5:44:32
,358.15,358.15,146.15,OPC ON,Batt ON,5:44:38
,358.15,358.15,146.15,OPC ON,Batt ON,5:44:43
,358.15,358.15,146.15,OPC ON,Batt ON,5:44:48
,358.15,358.15,146.15,OPC ON,Batt ON,5:44:54
,358.15,358.15,146.15,OPC ON,Batt ON,5:44:59
,358.15,358.15,146.15,OPC ON,Batt ON,5:45:05
,358.15,358.15,146.15,OPC ON,Batt ON,5:45:10
,358.15,358.15,146.15,OPC ON,Batt ON,5:45:16
,358.15,358.15,146.15,OPC ON,Batt ON,5:45:21
,358.15,358.15,146.15,OPC ON,Batt ON,5:45:26
,358.15,358.15,146.15,OPC ON,Batt ON,5:45:32
,358.15,358.15,146.15,OPC ON,Batt ON,5:45:37
,358.15,358.15,146.15,OPC ON,Batt ON,5:45:43
,358.15,358.15,146.15,OPC ON,Batt ON,5:45:48
,358.15,358.15,146.15,OPC ON,Batt ON,5:45:54
,358.15,358.15,146.15,OPC ON,Batt ON,5:45:59
,358.15,358.15,146.15,OPC ON,Batt ON,5:46:04
,358.15,358.15,146.15,OPC ON,Batt ON,5:46:10
,358.15,358.15,146.15,OPC ON,Batt ON,5:46:15
,358.15,358.15,146.15,OPC ON,Batt ON,5:46:21
,358.15,358.15,146.15,OPC ON,Batt ON,5:46:26
,358.15,358.15,146.15,OPC ON,Batt ON,5:46:32
,358.15,358.15,146.15,OPC ON,Batt ON,5:46:37
,358.15,358.15,146.15,OPC ON,Batt ON,5:46:42
,358.15,358.15,146.15,OPC ON,Batt ON,5:46:48
,358.15,358.15,146.15,OPC ON,Batt ON,5:46:53
,358.15,358.15,146.15,OPC ON,Batt ON,5:46:59
,358.15,358.15,146.15,OPC ON,Batt ON,5:47:04
,358.15,358.15,146.15,OPC ON,Batt ON,5:47:10
,358.15,358.15,146.15,OPC ON,Batt ON,5:47:15
,358.15,358.15,146.15,OPC ON,Batt ON,5:47:20
,358.15,358.15,146.15,OPC ON,Batt ON,5:47:26
,358.15,358.15,146.15,OPC ON,Batt ON,5:47:31
,358.15,358.15,146.15,OPC ON,Batt ON,5:47:37
,358.15,358.15,146.15,OPC ON,Batt ON,5:47:42
,358.15,358.15,146.15,OPC ON,Batt ON,5:47:48
,358.15,358.15,146.15,OPC ON,Batt ON,5:47:53
,358.15,358.15,146.15,OPC ON,Batt ON,5:47:58
,358.15,358.15,146.15,OPC ON,Batt ON,5:48:04
,358.15,358.15,146.15,OPC ON,Batt ON,5:48:09
,358.15,358.15,146.15,OPC ON,Batt ON,5:48:15
,358.15,358.15,146.15,OPC ON,Batt ON,5:48:20
,358.15,358.15,146.15,OPC ON,Batt ON,5:48:26
,358.15,358.15,146.15,OPC ON,Batt ON,5:48:31
,358.15,358.15,146.15,OPC ON,Batt ON,5:48:36
,358.15,358.15,146.15,OPC ON,Batt ON,5:48:42
,358.15,358.15,146.15,OPC ON,Batt ON,5:48:47
,358.15,358.15,146.15,OPC ON,Batt ON,5:48:53
,358.15,358.15,146.15,OPC ON,Batt ON,5:48:58
,358.15,358.15,146.15,OPC ON,Batt ON,5:49:04
,358.15,358.15,146.15,OPC ON,Batt ON,5:49:09
,358.15,358.15,146.15,OPC ON,Batt ON,5:49:14
,358.15,358.15,146.15,OPC ON,Batt ON,5:49:20
,358.15,358.15,146.15,OPC ON,Batt ON,5:49:25
,358.15,358.15,146.15,OPC ON,Batt ON,5:49:31
,358.15,358.15,146.15,OPC ON,Batt ON,5:49:36
,358.15,358.15,146.15,OPC ON,Batt ON,5:49:42
,358.15,358.15,146.15,OPC ON,Batt ON,5:49:47
,358.15,358.15,146.15,OPC ON,Batt ON,5:49:52
,358.15,358.15,146.15,OPC ON,Batt ON,5:49:58
,358.15,358.15,146.15,OPC ON,Batt ON,5:50:03
,358.15,358.15,146.15,OPC ON,Batt ON,5:50:09
,358.15,358.15,146.15,OPC ON,Batt ON,5:50:14
